Pillar,Sub_Pillar,Department,KPI_Name,Sub_KPI_Type,Unit,Target,actual_value,PERIOD,SOURCE_FILE,IS_DUPLICATE,UA_ID,IS_ORPHANED,ROW_HASH,INGESTION_TS
CE,Delivery,Logistics,On Time Delivery Rate,Air,%,0.95,0.94,2024-01,kpi_actual_wide.csv,False,CE-001,False,107aff056a4f2d9ba8e8e2601c7197dfd037ded43160418172010fe9716beb5f,2026-09-10 10:48:09.547024+00:00
CE,Delivery,Logistics,On Time Delivery Rate,Air,%,0.95,0.93,2024-02,kpi_actual_wide.csv,False,CE-001,False,1a4ad9c70aafa72f6f5c4304113bce61b83a2df8664cf8ac3a733868fe4db924,2026-09-10 10:48:09.547024+00:00
CE,Delivery,Logistics,On Time Delivery Rate,Air,%,0.95,,2024-03,kpi_actual_wide.csv,False,CE-001,False,6fe356d2b6e526b6f104c9d001566ae761f626fcec8008458a2b9f59f4d3bc3b,2026-09-10 10:48:09.547024+00:00
CE,Delivery,Logistics,On Time Delivery Rate,Air,%,0.95,0.95,2024-04,kpi_actual_wide.csv,False,CE-001,False,6549765e2f0c319047c9c8d7d393df975d0b2d0fc69f988830600475f7765e46,2026-09-10 10:48:09.547024+00:00
CE,Delivery,Logistics,On Time Delivery Rate,Air,%,0.95,0.96,2024-05,kpi_actual_wide.csv,False,CE-001,False,81297bf79b656e33e1030a547b4b811cd1a45b448fd19ffb8fa419c11169c19d,2026-09-10 10:48:09.547024+00:00
CE,Delivery,Logistics,On Time Delivery Rate,Air,%,0.95,0.94,2024-06,kpi_actual_wide.csv,False,CE-001,False,dba671c8b819428770aea3101bdd7f59f63a160f7f9dfb81ead4b6459995f7ae,2026-09-10 10:48:09.547024+00:00
CE,Delivery,Logistics,On Time Delivery Rate,Air,%,0.95,0.95,2024-07,kpi_actual_wide.csv,False,CE-001,False,6a7da90e04c0b4f68bf92f88d8a7614846a8b7d096ab93025c56e25e693e2c73,2026-09-10 10:48:09.547024+00:00
CE,Delivery,Logistics,On Time Delivery Rate,Air,%,0.95,,2024-08,kpi_actual_wide.csv,False,CE-001,False,89470b502bd9d6a29d2964b17bbe67c74f534adff7eafa3b9df69dcdde38484e,2026-09-10 10:48:09.547024+00:00
CE,Delivery,Logistics,On Time Delivery Rate,Air,%,0.95,0.93,2024-09,kpi_actual_wide.csv,False,CE-001,False,255ddb1497475e15ace4fbb404106dee93ced6494ea03f15102b49517068073b,2026-09-10 10:48:09.547024+00:00
CE,Delivery,Logistics,On Time Delivery Rate,Air,%,0.95,0.95,2024-10,kpi_actual_wide.csv,False,CE-001,False,76e8aa0f3f46a31423f5c18a6852b8d395a2bdf80ec0a2c2014e4e20ace736ce,2026-09-10 10:48:09.547024+00:00
CE,Delivery,Logistics,On Time Delivery Rate,Air,%,0.95,0.96,2024-11,kpi_actual_wide.csv,False,CE-001,False,6f74a74ba8f524a00ed0baf1c0c35637b69667336f7cd1dddc3bfc1f18e74f58,2026-09-10 10:48:09.547024+00:00
CE,Delivery,Logistics,On Time Delivery Rate,Air,%,0.95,,2024-12,kpi_actual_wide.csv,False,CE-001,False,282672fb1ed034cc15481301976f9c8f418d9287f8c8bbe69ac02e29f8810564,2026-09-10 10:48:09.547024+00:00
CE,Delivery,Logistics,On Time Delivery Rate,Sea,%,0.9,0.88,2024-01,kpi_actual_wide.csv,False,CE-002,False,68703e89652763428c8e1a7af327d79520da4c55f79da7ed0132ab37043a80d1,2026-09-10 10:48:09.547024+00:00
CE,Delivery,Logistics,On Time Delivery Rate,Sea,%,0.9,0.9,2024-02,kpi_actual_wide.csv,False,CE-002,False,d124e4356bbc3dd19116759c787896f0bdef7e3bf80a5160810f0da6de560816,2026-09-10 10:48:09.547024+00:00
CE,Delivery,Logistics,On Time Delivery Rate,Sea,%,0.9,0.91,2024-03,kpi_actual_wide.csv,False,CE-002,False,cbdbbc118351425f46cb432605d1b8de475c4a67c071dc150bb9a06fbe312e32,2026-09-10 10:48:09.547024+00:00
CE,Delivery,Logistics,On Time Delivery Rate,Sea,%,0.9,,2024-04,kpi_actual_wide.csv,False,CE-002,False,99712725f37dbe63aca44472e3be6837f48d67614c9ffa8993ec313b2a3b0338,2026-09-10 10:48:09.547024+00:00
CE,Delivery,Logistics,On Time Delivery Rate,Sea,%,0.9,0.89,2024-05,kpi_actual_wide.csv,False,CE-002,False,c0d238cec69d953d0e7957bb3ff855ac8fee5542506339d0042d2e8efb1f429f,2026-09-10 10:48:09.547024+00:00
CE,Delivery,Logistics,On Time Delivery Rate,Sea,%,0.9,0.9,2024-06,kpi_actual_wide.csv,False,CE-002,False,843d2e704d5d460201064930b82e7ce832133c48797d1d5ac731a9867916811e,2026-09-10 10:48:09.547024+00:00
CE,Delivery,Logistics,On Time Delivery Rate,Sea,%,0.9,0.88,2024-07,kpi_actual_wide.csv,False,CE-002,False,c34d15518106e4955dde7462178bc23c5cdc2a9134c30c76d0a561c5f57d54c8,2026-09-10 10:48:09.547024+00:00
CE,Delivery,Logistics,On Time Delivery Rate,Sea,%,0.9,0.91,2024-08,kpi_actual_wide.csv,False,CE-002,False,95a3245e7d754627f26d552091ff5c3e5226900c2e337324dbbcb89f475cee63,2026-09-10 10:48:09.547024+00:00
CE,Delivery,Logistics,On Time Delivery Rate,Sea,%,0.9,,2024-09,kpi_actual_wide.csv,False,CE-002,False,500f02667ffa3161ab8ba7545fa082c8edeff438c3d0f27d7eef34790939e870,2026-09-10 10:48:09.547024+00:00
CE,Delivery,Logistics,On Time Delivery Rate,Sea,%,0.9,0.9,2024-10,kpi_actual_wide.csv,False,CE-002,False,5ad185331b72820036dfac62957291350c2b75c044671ab60f84c60c372aec5b,2026-09-10 10:48:09.547024+00:00
CE,Delivery,Logistics,On Time Delivery Rate,Sea,%,0.9,0.89,2024-11,kpi_actual_wide.csv,False,CE-002,False,761d9d27b39b1ee410c9621419713f0b5a50777630e47bf60e03a1e7fa74eac7,2026-09-10 10:48:09.547024+00:00
CE,Delivery,Logistics,On Time Delivery Rate,Sea,%,0.9,0.9,2024-12,kpi_actual_wide.csv,False,CE-002,False,fa52113f2ed3774912d6de768d01ca9365749f38ca2ae83fc4d93418f9673e90,2026-09-10 10:48:09.547024+00:00
CE,NPS,Commercial,Net Promoter Score,Key Account,Number,75.0,72.0,2024-01,kpi_actual_wide.csv,False,CE-007,False,0b618c21eca5932f1473f15d503599ae7e291578b5f453b5bed1dda4b9fd2978,2026-09-10 10:48:09.547024+00:00
CE,NPS,Commercial,Net Promoter Score,Key Account,Number,75.0,75.0,2024-02,kpi_actual_wide.csv,False,CE-007,False,af8c1d7c37f7136e377e501ee41731825ec932f8f144fe8075019e36b45f2970,2026-09-10 10:48:09.547024+00:00
CE,NPS,Commercial,Net Promoter Score,Key Account,Number,75.0,73.0,2024-03,kpi_actual_wide.csv,False,CE-007,False,e6360b392845f44da83d1e26a2800f5afd1c8825b926614e798b84619547464f,2026-09-10 10:48:09.547024+00:00
CE,NPS,Commercial,Net Promoter Score,Key Account,Number,75.0,,2024-04,kpi_actual_wide.csv,False,CE-007,False,38df81438a36a9511487334a78d89c724c6945cdcac3234d9739c1446c0ceb04,2026-09-10 10:48:09.547024+00:00
CE,NPS,Commercial,Net Promoter Score,Key Account,Number,75.0,76.0,2024-05,kpi_actual_wide.csv,False,CE-007,False,d3ec9b8c135dc88b1b17802871d8ea4b96b8a507d5678002c0325fca27965753,2026-09-10 10:48:09.547024+00:00
CE,NPS,Commercial,Net Promoter Score,Key Account,Number,75.0,74.0,2024-06,kpi_actual_wide.csv,False,CE-007,False,de6b9ab550e92ae9240b3e49c09dbb47b65264c91275b3830a7a1b9e7220b2f9,2026-09-10 10:48:09.547024+00:00
CE,NPS,Commercial,Net Promoter Score,Key Account,Number,75.0,77.0,2024-07,kpi_actual_wide.csv,False,CE-007,False,ef982cf861a959334aad16fc2e2b401962948149a0a3be504c3bbea389954495,2026-09-10 10:48:09.547024+00:00
CE,NPS,Commercial,Net Promoter Score,Key Account,Number,75.0,73.0,2024-08,kpi_actual_wide.csv,False,CE-007,False,cda2dffcfc9f7b1ce06b018d2d871da9c024277f11d7d17721e2a356ee30837b,2026-09-10 10:48:09.547024+00:00
CE,NPS,Commercial,Net Promoter Score,Key Account,Number,75.0,,2024-09,kpi_actual_wide.csv,False,CE-007,False,66e1ba0ae3671fb1c6df071819eceb621606ed094e5b80b4553d6032ffaacf0c,2026-09-10 10:48:09.547024+00:00
CE,NPS,Commercial,Net Promoter Score,Key Account,Number,75.0,75.0,2024-10,kpi_actual_wide.csv,False,CE-007,False,23de3121b0758ffd7847db036adec6a26feb1864d47f5c8b3dc25ade3ba52297,2026-09-10 10:48:09.547024+00:00
CE,NPS,Commercial,Net Promoter Score,Key Account,Number,75.0,76.0,2024-11,kpi_actual_wide.csv,False,CE-007,False,81302d37cb0915b79b038ce6a5fe906631819a9cc262ef69a122274ec3685d26,2026-09-10 10:48:09.547024+00:00
CE,NPS,Commercial,Net Promoter Score,Key Account,Number,75.0,74.0,2024-12,kpi_actual_wide.csv,False,CE-007,False,4977abd80c6ae2cd0e3fdc8b7b60ead071b26aa47f125d8ef19b68e108952c3f,2026-09-10 10:48:09.547024+00:00
CE,NPS,Commercial,Net Promoter Score,ALL,Number,70.0,68.0,2024-01,kpi_actual_wide.csv,False,CE-006,False,5860270545facc94ef11adbaff185a66540a211dea4afa021483ca97a3708940,2026-09-10 10:48:09.547024+00:00
CE,NPS,Commercial,Net Promoter Score,ALL,Number,70.0,72.0,2024-02,kpi_actual_wide.csv,False,CE-006,False,64df2b7a5bd1abfd3030cbc7e3ba2920d546d749c958029c03fea0a0b6e8e29a,2026-09-10 10:48:09.547024+00:00
CE,NPS,Commercial,Net Promoter Score,ALL,Number,70.0,70.0,2024-03,kpi_actual_wide.csv,False,CE-006,False,7fa2df388a6a9878152d71678b48c9fb910119d03d0d405b73dadb2d0da6358c,2026-09-10 10:48:09.547024+00:00
CE,NPS,Commercial,Net Promoter Score,ALL,Number,70.0,71.0,2024-04,kpi_actual_wide.csv,False,CE-006,False,f5fa1672fc555008a5a7cfc9efaabc83fd73d6991d93648976851a744d616d7b,2026-09-10 10:48:09.547024+00:00
CE,NPS,Commercial,Net Promoter Score,ALL,Number,70.0,,2024-05,kpi_actual_wide.csv,False,CE-006,False,129d3c031c189abd475d2ab19158d69322cd69a2359fb12b4640e27fa67aed4c,2026-09-10 10:48:09.547024+00:00
CE,NPS,Commercial,Net Promoter Score,ALL,Number,70.0,69.0,2024-06,kpi_actual_wide.csv,False,CE-006,False,2bfcc3071ef09fd3e9d0452284be5959b90dc007fedfab1e2590130c7433aa5b,2026-09-10 10:48:09.547024+00:00
CE,NPS,Commercial,Net Promoter Score,ALL,Number,70.0,73.0,2024-07,kpi_actual_wide.csv,False,CE-006,False,62d668ab0684217bdc0212098f004797647f7aa6dac0d3a106c3df753bcc4193,2026-09-10 10:48:09.547024+00:00
CE,NPS,Commercial,Net Promoter Score,ALL,Number,70.0,70.0,2024-08,kpi_actual_wide.csv,False,CE-006,False,dc4853deb600f2d15d9e2a06f1e14e0f93bffeb84717752c7431026bc9f5cd83,2026-09-10 10:48:09.547024+00:00
CE,NPS,Commercial,Net Promoter Score,ALL,Number,70.0,,2024-09,kpi_actual_wide.csv,False,CE-006,False,4594263dc771f32bcfbc425a3938e52975e1ac82ed0aa29e30f41e20fb9d237a,2026-09-10 10:48:09.547024+00:00
CE,NPS,Commercial,Net Promoter Score,ALL,Number,70.0,71.0,2024-10,kpi_actual_wide.csv,False,CE-006,False,fa5ba3ffaf7a6f55194c44932f14d776c972c7d9ae489739367d82c6ad29a94b,2026-09-10 10:48:09.547024+00:00
CE,NPS,Commercial,Net Promoter Score,ALL,Number,70.0,72.0,2024-11,kpi_actual_wide.csv,False,CE-006,False,83f52435c5d341b046dded241c5863b8c869761bf0d28ac54edff874bd82d3bf,2026-09-10 10:48:09.547024+00:00
CE,NPS,Commercial,Net Promoter Score,ALL,Number,70.0,70.0,2024-12,kpi_actual_wide.csv,False,CE-006,False,925fdfe20b1b09af042a64d646c47526c30045bcf2ebd96c3672f5b7861d5ffa,2026-09-10 10:48:09.547024+00:00
CE,Quality,QC,Customer Returns,ALL,Number,50.0,45.0,2024-01,kpi_actual_wide.csv,False,CE-005,False,fb9ce636fa80181712976890b2438cb05c1f294967378c329ce4db080abb63ac,2026-09-10 10:48:09.547024+00:00
CE,Quality,QC,Customer Returns,ALL,Number,50.0,52.0,2024-02,kpi_actual_wide.csv,False,CE-005,False,575be4d816147692c81a07f81e644a6098f041a6f847b7c218a31d03ccec5b34,2026-09-10 10:48:09.547024+00:00
CE,Quality,QC,Customer Returns,ALL,Number,50.0,48.0,2024-03,kpi_actual_wide.csv,False,CE-005,False,c4805be940cd0d33ef8ba6950e93ad070fa7cb6f2dfd5823b9ff690e194e7c55,2026-09-10 10:48:09.547024+00:00
CE,Quality,QC,Customer Returns,ALL,Number,50.0,,2024-04,kpi_actual_wide.csv,False,CE-005,False,8e98d6b02bc07ba7e9526d42f18bb3248976e1a89260b403537a3d883a888c9b,2026-09-10 10:48:09.547024+00:00
CE,Quality,QC,Customer Returns,ALL,Number,50.0,55.0,2024-05,kpi_actual_wide.csv,False,CE-005,False,fe40562a004c3cb13cba8e5af61ba0f8c94b99f0e5dcc535f56b217e89c81114,2026-09-10 10:48:09.547024+00:00
CE,Quality,QC,Customer Returns,ALL,Number,50.0,43.0,2024-06,kpi_actual_wide.csv,False,CE-005,False,20588baa077a6de5165ec83dd03bd7637deb501f71fc8ca948ec04a490cc4a19,2026-09-10 10:48:09.547024+00:00
CE,Quality,QC,Customer Returns,ALL,Number,50.0,49.0,2024-07,kpi_actual_wide.csv,False,CE-005,False,539e4b93365cd06e3056f5aae7c78480b33108f708c5a7691dd87f7d11832fe1,2026-09-10 10:48:09.547024+00:00
CE,Quality,QC,Customer Returns,ALL,Number,50.0,,2024-08,kpi_actual_wide.csv,False,CE-005,False,245d4b741c821093f4328626522eb97d55aaa73a1ebf9d09e02829222702a5ed,2026-09-10 10:48:09.547024+00:00
CE,Quality,QC,Customer Returns,ALL,Number,50.0,51.0,2024-09,kpi_actual_wide.csv,False,CE-005,False,52aaf81c8dfe44731482dc54cd4ddf8184e21e61cac5ed6def4d0ff44cb30694,2026-09-10 10:48:09.547024+00:00
CE,Quality,QC,Customer Returns,ALL,Number,50.0,47.0,2024-10,kpi_actual_wide.csv,False,CE-005,False,9a6e551ba856625df8c8ce943160e7ffc50d5d697ea2c8dcbe3a3d7546f7a157,2026-09-10 10:48:09.547024+00:00
CE,Quality,QC,Customer Returns,ALL,Number,50.0,50.0,2024-11,kpi_actual_wide.csv,False,CE-005,False,338c0494a12575e1c28e500e96292b76a341652e8e5710834fa0270256708f89,2026-09-10 10:48:09.547024+00:00
CE,Quality,QC,Customer Returns,ALL,Number,50.0,,2024-12,kpi_actual_wide.csv,False,CE-005,False,619731f361c70da96447f77edca0f3f047c3e833ec13f451888d357422b79bdd,2026-09-10 10:48:09.547024+00:00
CE,Quality,QC,Defect Rate,Critical,%,0.02,0.03,2024-01,kpi_actual_wide.csv,False,CE-003,False,0177f95994d32775e840039acb8c805ecf6c7640e427b25baf772db081e1cb33,2026-09-10 10:48:09.547024+00:00
CE,Quality,QC,Defect Rate,Critical,%,0.02,0.02,2024-02,kpi_actual_wide.csv,False,CE-003,False,70ac09f9a9b60f0a84727af2730542b353b3f827937abf28deb7b269d0081a9d,2026-09-10 10:48:09.547024+00:00
CE,Quality,QC,Defect Rate,Critical,%,0.02,0.01,2024-03,kpi_actual_wide.csv,False,CE-003,False,31990c20602a59cb7b32e80d0364c9187f657abe1d1f16ee4122fdefd9037c9c,2026-09-10 10:48:09.547024+00:00
CE,Quality,QC,Defect Rate,Critical,%,0.02,0.02,2024-04,kpi_actual_wide.csv,False,CE-003,False,6b846aa936889f270df47420449e4773f39efe987283e65dbd3b2ccf823ccaf7,2026-09-10 10:48:09.547024+00:00
CE,Quality,QC,Defect Rate,Critical,%,0.02,,2024-05,kpi_actual_wide.csv,False,CE-003,False,3a961dbb4f783e54c3645ec423685ceecc4d0d297db4074554ed6c39f25a2946,2026-09-10 10:48:09.547024+00:00
CE,Quality,QC,Defect Rate,Critical,%,0.02,0.03,2024-06,kpi_actual_wide.csv,False,CE-003,False,e279910e2dbcb5bba4dc9d35fc118648bcbbd2ddb3fe3f89709ee75dd6c5accc,2026-09-10 10:48:09.547024+00:00
CE,Quality,QC,Defect Rate,Critical,%,0.02,0.02,2024-07,kpi_actual_wide.csv,False,CE-003,False,4ed064a921b99dca6fa4c3854928c606d9bf657452a4b3230684b0690c13a271,2026-09-10 10:48:09.547024+00:00
CE,Quality,QC,Defect Rate,Critical,%,0.02,0.01,2024-08,kpi_actual_wide.csv,False,CE-003,False,edfee239b0af7498e6d9434d4de4f57bb39e4008d1929ca693a07e1327ec25b7,2026-09-10 10:48:09.547024+00:00
CE,Quality,QC,Defect Rate,Critical,%,0.02,0.02,2024-09,kpi_actual_wide.csv,False,CE-003,False,d516d4c8d3878c5ca71a7cd83f91649835a55d0a0d771fcffdec5878da8cf4e0,2026-09-10 10:48:09.547024+00:00
CE,Quality,QC,Defect Rate,Critical,%,0.02,,2024-10,kpi_actual_wide.csv,False,CE-003,False,f80451c36517f966c56ee8422fb1761aa6f04437212eacc3cc6b8d3b6fdb2397,2026-09-10 10:48:09.547024+00:00
CE,Quality,QC,Defect Rate,Critical,%,0.02,0.02,2024-11,kpi_actual_wide.csv,False,CE-003,False,f1fa9ac84e3b05aa12412808841abe1bdeb82b3fade2256b30669688993f716a,2026-09-10 10:48:09.547024+00:00
CE,Quality,QC,Defect Rate,Critical,%,0.02,0.03,2024-12,kpi_actual_wide.csv,False,CE-003,False,a2ec26fb87e7cb94fec89f47ae5c52d2f147b1329bfe56a168c4ba8b6278e263,2026-09-10 10:48:09.547024+00:00
CE,Quality,QC,Defect Rate,Minor,%,0.05,0.06,2024-01,kpi_actual_wide.csv,False,CE-004,False,e11618236d53ba2acc7f5ffae4a827e4df58cc507a127144cc20b721cb89eaf5,2026-09-10 10:48:09.547024+00:00
CE,Quality,QC,Defect Rate,Minor,%,0.05,0.05,2024-02,kpi_actual_wide.csv,False,CE-004,False,30d1e65a3bdef4124f44c0f46b6f0486d86ec1d26adf763289b207f29cff5c82,2026-09-10 10:48:09.547024+00:00
CE,Quality,QC,Defect Rate,Minor,%,0.05,0.04,2024-03,kpi_actual_wide.csv,False,CE-004,False,48d0fc9aefb581726b62175e362d51142164af2c89218cc2da6312d9c0a9300e,2026-09-10 10:48:09.547024+00:00
CE,Quality,QC,Defect Rate,Minor,%,0.05,0.05,2024-04,kpi_actual_wide.csv,False,CE-004,False,6eee46c977a21ffa8d355b96ece8c5b4f95a217f67d583b93a007c7403bb90c3,2026-09-10 10:48:09.547024+00:00
CE,Quality,QC,Defect Rate,Minor,%,0.05,0.06,2024-05,kpi_actual_wide.csv,False,CE-004,False,3be5826ecb4aa3fc2b505a9ce8a4080678fa399b72670d67d70c644f1148a264,2026-09-10 10:48:09.547024+00:00
CE,Quality,QC,Defect Rate,Minor,%,0.05,,2024-06,kpi_actual_wide.csv,False,CE-004,False,022e3698ed87d5bf3624064116e4aa7677bba39f70f65ad285afdbfad9610450,2026-09-10 10:48:09.547024+00:00
CE,Quality,QC,Defect Rate,Minor,%,0.05,0.05,2024-07,kpi_actual_wide.csv,False,CE-004,False,06ca12fb43fd6d53519a47cec9abcde8427a42f66a6b9b414ce7705205826461,2026-09-10 10:48:09.547024+00:00
CE,Quality,QC,Defect Rate,Minor,%,0.05,0.04,2024-08,kpi_actual_wide.csv,False,CE-004,False,fac39308162c7fc9eb606102a29d777305602133c913db888dfb3bc4a9380dba,2026-09-10 10:48:09.547024+00:00
CE,Quality,QC,Defect Rate,Minor,%,0.05,0.06,2024-09,kpi_actual_wide.csv,False,CE-004,False,c2ada7ab7bdcf7f632fee51c63d929fe3a2eddc34d99b05766c21741cc1effd0,2026-09-10 10:48:09.547024+00:00
CE,Quality,QC,Defect Rate,Minor,%,0.05,0.05,2024-10,kpi_actual_wide.csv,False,CE-004,False,c6d0f3a59cb17ddb69e1b22b6f7afaaa4a47546c46de54174b1e80c41fc0575c,2026-09-10 10:48:09.547024+00:00
CE,Quality,QC,Defect Rate,Minor,%,0.05,,2024-11,kpi_actual_wide.csv,False,CE-004,False,11f185911de01b3cca002b642c7a0d8f8edd0b5445456c436c2d5a00b9a9df08,2026-09-10 10:48:09.547024+00:00
CE,Quality,QC,Defect Rate,Minor,%,0.05,0.06,2024-12,kpi_actual_wide.csv,False,CE-004,False,69c020a3de393ca87517d0d32fe1559a96f0e391c016036595a545bb37beb826,2026-09-10 10:48:09.547024+00:00
FS,Cost Efficiency,Finance,CMP Cost Ratio,Direct,%,0.08,0.07,2024-01,kpi_actual_wide.csv,False,UA-003,False,2804c704f2a2976d735e81c3b36c0e423e7cff9a84a5025b261a66eb20795179,2026-09-10 10:48:09.547024+00:00
FS,Cost Efficiency,Finance,CMP Cost Ratio,Direct,%,0.08,0.08,2024-02,kpi_actual_wide.csv,False,UA-003,False,dbcb4df203fbd3de9f03474fc2950802b0385d5ef645e4bb3b6d488783384bb2,2026-09-10 10:48:09.547024+00:00
FS,Cost Efficiency,Finance,CMP Cost Ratio,Direct,%,0.08,0.09,2024-03,kpi_actual_wide.csv,False,UA-003,False,0e07a6a6d5f989c4a10928c8e43c0b85ca5eba9d4a6f66f370f0a9aa21b828b4,2026-09-10 10:48:09.547024+00:00
FS,Cost Efficiency,Finance,CMP Cost Ratio,Direct,%,0.08,0.08,2024-04,kpi_actual_wide.csv,False,UA-003,False,63ec15ad395495f0ef3d49333a21a48d5aa80c1a7473ea7f8ed73e82023f354e,2026-09-10 10:48:09.547024+00:00
FS,Cost Efficiency,Finance,CMP Cost Ratio,Direct,%,0.08,0.07,2024-05,kpi_actual_wide.csv,False,UA-003,False,6fc3940d31f723e352723eeb39516799525e14f85f90d3859720f3f57993c577,2026-09-10 10:48:09.547024+00:00
FS,Cost Efficiency,Finance,CMP Cost Ratio,Direct,%,0.08,,2024-06,kpi_actual_wide.csv,False,UA-003,False,851c313ee6b24711223fc3e9a24192a2fd3dcf17de6566cee8e599793917aadb,2026-09-10 10:48:09.547024+00:00
FS,Cost Efficiency,Finance,CMP Cost Ratio,Direct,%,0.08,0.08,2024-07,kpi_actual_wide.csv,False,UA-003,False,d52896d274d138453fdca82b652dcbbd16ca17971af3bb71928005d6aae72058,2026-09-10 10:48:09.547024+00:00
FS,Cost Efficiency,Finance,CMP Cost Ratio,Direct,%,0.08,0.09,2024-08,kpi_actual_wide.csv,False,UA-003,False,a23025d8faa11f8832f7e924207e5f661d4b7fa37dce8edcfeb08024cb523ab3,2026-09-10 10:48:09.547024+00:00
FS,Cost Efficiency,Finance,CMP Cost Ratio,Direct,%,0.08,0.07,2024-09,kpi_actual_wide.csv,False,UA-003,False,3f8982b5ad8b880bd77d261c2c6b876f3f4474a59e5acb4c95b8df11def86aff,2026-09-10 10:48:09.547024+00:00
FS,Cost Efficiency,Finance,CMP Cost Ratio,Direct,%,0.08,0.08,2024-10,kpi_actual_wide.csv,False,UA-003,False,4c7ca0df23f096078b69937099e1aa0c86a976768a71e1a1c8d50ed7dde6e719,2026-09-10 10:48:09.547024+00:00
FS,Cost Efficiency,Finance,CMP Cost Ratio,Direct,%,0.08,0.09,2024-11,kpi_actual_wide.csv,False,UA-003,False,32f90dc107330721337556b9f43a89b5c66d18008173eab40ee7107f6dacef66,2026-09-10 10:48:09.547024+00:00
FS,Cost Efficiency,Finance,CMP Cost Ratio,Direct,%,0.08,,2024-12,kpi_actual_wide.csv,False,UA-003,False,e9b15afba68add91b28d734a6eef7047c45fbffbf56535c53fd93a1058d76608,2026-09-10 10:48:09.547024+00:00
FS,Cost Efficiency,Finance,CMP Cost Ratio,Indirect,%,0.03,0.03,2024-01,kpi_actual_wide.csv,False,UA-004,False,9cdf6af9da5f5e5f375ec7da6ec81794e26c63a4cf7b3a345420c257cff32688,2026-09-10 10:48:09.547024+00:00
FS,Cost Efficiency,Finance,CMP Cost Ratio,Indirect,%,0.03,0.03,2024-02,kpi_actual_wide.csv,False,UA-004,False,1df1017bd029349b2681c2f942f3af1ace2d395b25f04526d7dbc2915fac300b,2026-09-10 10:48:09.547024+00:00
FS,Cost Efficiency,Finance,CMP Cost Ratio,Indirect,%,0.03,0.04,2024-03,kpi_actual_wide.csv,False,UA-004,False,5a505714a469188717b5138f24ff4dc800b1a8d6a0091f08ac554a7e22112201,2026-09-10 10:48:09.547024+00:00
FS,Cost Efficiency,Finance,CMP Cost Ratio,Indirect,%,0.03,0.03,2024-04,kpi_actual_wide.csv,False,UA-004,False,bf8618b2d272d202369dc46f5b83d267e4bb301f2edeab43058b7920dbd2d297,2026-09-10 10:48:09.547024+00:00
FS,Cost Efficiency,Finance,CMP Cost Ratio,Indirect,%,0.03,0.03,2024-05,kpi_actual_wide.csv,False,UA-004,False,432629184bd1e6422fece03fde551ac9c266fb720a041dbe9d157a07acc364fa,2026-09-10 10:48:09.547024+00:00
FS,Cost Efficiency,Finance,CMP Cost Ratio,Indirect,%,0.03,0.03,2024-06,kpi_actual_wide.csv,False,UA-004,False,06ad13a749c9e18b17964a1b46a535284e082e45081f21219dbbaf3d2fa336df,2026-09-10 10:48:09.547024+00:00
FS,Cost Efficiency,Finance,CMP Cost Ratio,Indirect,%,0.03,,2024-07,kpi_actual_wide.csv,False,UA-004,False,3ee114268edb401f1abe0d33a351354fa9930a47d91f8b4049c03ca5fca1983f,2026-09-10 10:48:09.547024+00:00
FS,Cost Efficiency,Finance,CMP Cost Ratio,Indirect,%,0.03,0.04,2024-08,kpi_actual_wide.csv,False,UA-004,False,a6cce32039a7b7884a4688ce9884b6406c547fa990ebb87fa739c02e1f1effe1,2026-09-10 10:48:09.547024+00:00
FS,Cost Efficiency,Finance,CMP Cost Ratio,Indirect,%,0.03,0.03,2024-09,kpi_actual_wide.csv,False,UA-004,False,255c36dc050b73d50537580dca075704ccded4ccdb220e125df7efbeffe6439f,2026-09-10 10:48:09.547024+00:00
FS,Cost Efficiency,Finance,CMP Cost Ratio,Indirect,%,0.03,0.03,2024-10,kpi_actual_wide.csv,False,UA-004,False,f7f0d0a91d9577cfc81cc47546ceb0f35a713b88b6acead21c4956da5256ef5c,2026-09-10 10:48:09.547024+00:00
FS,Cost Efficiency,Finance,CMP Cost Ratio,Indirect,%,0.03,0.03,2024-11,kpi_actual_wide.csv,False,UA-004,False,53af1b99ed1f987ac607dc62129ffcf39b65035cd3d406e01fae000299cd3efa,2026-09-10 10:48:09.547024+00:00
FS,Cost Efficiency,Finance,CMP Cost Ratio,Indirect,%,0.03,0.03,2024-12,kpi_actual_wide.csv,False,UA-004,False,883256145fd4d493f892f8f7f21d514227fdd1f8a4d29cb1ee1656046aa78e08,2026-09-10 10:48:09.547024+00:00
FS,Cost Efficiency,Finance,OT Cost Ratio,Direct,%,0.12,0.11,2024-01,kpi_actual_wide.csv,False,UA-001,False,e8b3c14fec86d12658e4bd3dbe6d0cdcb037332bd2ef33a2a6d3959d5243c1fa,2026-09-10 10:48:09.547024+00:00
FS,Cost Efficiency,Finance,OT Cost Ratio,Direct,%,0.12,0.13,2024-02,kpi_actual_wide.csv,False,UA-001,False,4a013c32ff876a9dcc7a9cd3f99aa87dbf3e22949eaf96f929f254b5337c54ab,2026-09-10 10:48:09.547024+00:00
FS,Cost Efficiency,Finance,OT Cost Ratio,Direct,%,0.12,0.14,2024-03,kpi_actual_wide.csv,False,UA-001,False,e261a6a2e8cea4b2322693d5b3915a89cb35896da96e6b8621edda3bb98cb32b,2026-09-10 10:48:09.547024+00:00
FS,Cost Efficiency,Finance,OT Cost Ratio,Direct,%,0.12,,2024-04,kpi_actual_wide.csv,False,UA-001,False,f9033e5fa48e2e3c073e671eda6e71f0fdfeaf44f274b7c734b73c362e4a5989,2026-09-10 10:48:09.547024+00:00
FS,Cost Efficiency,Finance,OT Cost Ratio,Direct,%,0.12,0.12,2024-05,kpi_actual_wide.csv,False,UA-001,False,1e1786efac816d7e60a5c110a5e50c0fbd18df510c6c2172944ea0516d5dbced,2026-09-10 10:48:09.547024+00:00
FS,Cost Efficiency,Finance,OT Cost Ratio,Direct,%,0.12,0.11,2024-06,kpi_actual_wide.csv,False,UA-001,False,708a8a7153b9cc93147c3051dec6da21627e7cc4dcdb6b28c475dc82debbefea,2026-09-10 10:48:09.547024+00:00
FS,Cost Efficiency,Finance,OT Cost Ratio,Direct,%,0.12,,2024-07,kpi_actual_wide.csv,False,UA-001,False,614e3edac3cc1c72f7ed534ad2f9675608a04bbff6b9c0dc704f97f6366850cc,2026-09-10 10:48:09.547024+00:00
FS,Cost Efficiency,Finance,OT Cost Ratio,Direct,%,0.12,0.15,2024-08,kpi_actual_wide.csv,False,UA-001,False,5a13b4c19883acc747e93582d59cb85ad1306699dfc5765e1a0e1d035dd732e2,2026-09-10 10:48:09.547024+00:00
FS,Cost Efficiency,Finance,OT Cost Ratio,Direct,%,0.12,0.12,2024-09,kpi_actual_wide.csv,False,UA-001,False,a0e9f80bc1204989a795a1f8a79ee4ed0de9a7647d1d7c676b193cd6b268e858,2026-09-10 10:48:09.547024+00:00
FS,Cost Efficiency,Finance,OT Cost Ratio,Direct,%,0.12,0.11,2024-10,kpi_actual_wide.csv,False,UA-001,False,b2542c38ef1f2df786197f16f8965427a7b4ebba85388f75412602a992ce9a6f,2026-09-10 10:48:09.547024+00:00
FS,Cost Efficiency,Finance,OT Cost Ratio,Direct,%,0.12,0.13,2024-11,kpi_actual_wide.csv,False,UA-001,False,75dd21d54a4df3928837822876ce45d3d429eaf573d586f913dd459e0f7145ea,2026-09-10 10:48:09.547024+00:00
FS,Cost Efficiency,Finance,OT Cost Ratio,Direct,%,0.12,,2024-12,kpi_actual_wide.csv,False,UA-001,False,b85327989df2249e9ca657c49bd4e058e3202eb37b05496696f937bbb0f75b45,2026-09-10 10:48:09.547024+00:00
FS,Cost Efficiency,Finance,OT Cost Ratio,Indirect,%,0.05,0.04,2024-01,kpi_actual_wide.csv,False,UA-002,False,e3933ad3b2899a1c02f64554ceeb7379443ea8ac9bef3ca1f2512bf1336fdd15,2026-09-10 10:48:09.547024+00:00
FS,Cost Efficiency,Finance,OT Cost Ratio,Indirect,%,0.05,0.05,2024-02,kpi_actual_wide.csv,False,UA-002,False,bdc363ff9ad4f22f82fbcf586ea52b852b0d9e2cfc106ad21ab0fe668acbe1f1,2026-09-10 10:48:09.547024+00:00
FS,Cost Efficiency,Finance,OT Cost Ratio,Indirect,%,0.05,0.06,2024-03,kpi_actual_wide.csv,False,UA-002,False,594d71be4835c10542534619c9caa671d5f4f98673d138466ae44e94f468bb6c,2026-09-10 10:48:09.547024+00:00
FS,Cost Efficiency,Finance,OT Cost Ratio,Indirect,%,0.05,0.05,2024-04,kpi_actual_wide.csv,False,UA-002,False,c9539b6aea472f3073af40ec0e7a312805d9365360cdd42d29b7ba1a241c9b94,2026-09-10 10:48:09.547024+00:00
FS,Cost Efficiency,Finance,OT Cost Ratio,Indirect,%,0.05,,2024-05,kpi_actual_wide.csv,False,UA-002,False,f12c8479f7d215caec89f87e7dd7bae3460eecca02eeba28b8db8f8e2ac17d2c,2026-09-10 10:48:09.547024+00:00
FS,Cost Efficiency,Finance,OT Cost Ratio,Indirect,%,0.05,0.04,2024-06,kpi_actual_wide.csv,False,UA-002,False,55885d566c57c89e131807ae8e3511d014e21f26fbfd352036d13be249bd7e45,2026-09-10 10:48:09.547024+00:00
FS,Cost Efficiency,Finance,OT Cost Ratio,Indirect,%,0.05,0.05,2024-07,kpi_actual_wide.csv,False,UA-002,False,8c4b01b504038f8f8392b758c9d038bba57c19650dfd2eb8e92efdaa787ff7de,2026-09-10 10:48:09.547024+00:00
FS,Cost Efficiency,Finance,OT Cost Ratio,Indirect,%,0.05,0.06,2024-08,kpi_actual_wide.csv,False,UA-002,False,25376665dda9ee33cf698fff70ab7674cbbf945a2bad89fd82941f4d4472f93d,2026-09-10 10:48:09.547024+00:00
FS,Cost Efficiency,Finance,OT Cost Ratio,Indirect,%,0.05,0.04,2024-09,kpi_actual_wide.csv,False,UA-002,False,c90f8cd13effa179ce136fcad614e4976c768ca2a405356f38fe355b7601a122,2026-09-10 10:48:09.547024+00:00
FS,Cost Efficiency,Finance,OT Cost Ratio,Indirect,%,0.05,0.05,2024-10,kpi_actual_wide.csv,False,UA-002,False,d40e716ec246ba4cbb0e868413d92158b8d7089a23e3ca55cb60a7631869084e,2026-09-10 10:48:09.547024+00:00
FS,Cost Efficiency,Finance,OT Cost Ratio,Indirect,%,0.05,0.05,2024-11,kpi_actual_wide.csv,False,UA-002,False,52c0b12671510a8cda15df86b1dbdab412be9f4545ea3e21c0b0fd43155afe3c,2026-09-10 10:48:09.547024+00:00
FS,Cost Efficiency,Finance,OT Cost Ratio,Indirect,%,0.05,0.06,2024-12,kpi_actual_wide.csv,False,UA-002,False,f7666350f71980dc09fc4a4b5b6e058135ba6e8d7b65c6206e2f322be9a88749,2026-09-10 10:48:09.547024+00:00
FS,Revenue,Commercial,FOB Revenue,Domestic,Number,300000.0,24000.0,2024-01,kpi_actual_wide.csv,False,UA-006,False,5000477022b66b254d5fff21b1825020f5e6d677582e45f4296111306a148996,2026-09-10 10:48:09.547024+00:00
FS,Revenue,Commercial,FOB Revenue,Domestic,Number,300000.0,26000.0,2024-02,kpi_actual_wide.csv,False,UA-006,False,19171eaa98f1af6256f8a540de1dac305bf8aa546a8c1fa0efff87093b73fe3e,2026-09-10 10:48:09.547024+00:00
FS,Revenue,Commercial,FOB Revenue,Domestic,Number,300000.0,,2024-03,kpi_actual_wide.csv,False,UA-006,False,f8d77ec408c6ef2a8c2aa9100c1c0f762f15ef7ecc4713a4ca9db38ba9d94c0d,2026-09-10 10:48:09.547024+00:00
FS,Revenue,Commercial,FOB Revenue,Domestic,Number,300000.0,28000.0,2024-04,kpi_actual_wide.csv,False,UA-006,False,207bcedf20dfa434447ae8085b4c35f91bc5dd65ae635b4a4cade3518358ddd9,2026-09-10 10:48:09.547024+00:00
FS,Revenue,Commercial,FOB Revenue,Domestic,Number,300000.0,25000.0,2024-05,kpi_actual_wide.csv,False,UA-006,False,a93b9185922d156d803d6cca27782d135674d8cc0bb2d34e6fea0d6fb9a845d7,2026-09-10 10:48:09.547024+00:00
FS,Revenue,Commercial,FOB Revenue,Domestic,Number,300000.0,27000.0,2024-06,kpi_actual_wide.csv,False,UA-006,False,f55edaffc6e0c0a73f5e6391e1690b1026e9f4d59921e98c64fdb0a6acabd1c0,2026-09-10 10:48:09.547024+00:00
FS,Revenue,Commercial,FOB Revenue,Domestic,Number,300000.0,26000.0,2024-07,kpi_actual_wide.csv,False,UA-006,False,cb7568863ac366d0a6ce5de2179c1d0dd1741bae7ba2a9813d4d01c648d1ed74,2026-09-10 10:48:09.547024+00:00
FS,Revenue,Commercial,FOB Revenue,Domestic,Number,300000.0,28000.0,2024-08,kpi_actual_wide.csv,False,UA-006,False,f75faab8e96fe61fc0f5d9ffa5ecfa911957d34931e904e6802ad3fab98915c5,2026-09-10 10:48:09.547024+00:00
FS,Revenue,Commercial,FOB Revenue,Domestic,Number,300000.0,,2024-09,kpi_actual_wide.csv,False,UA-006,False,85e9b51a15f0517c6d1f5b1f716bc7bd8004ca0d0844a48e4d9df6f8e1a50e8f,2026-09-10 10:48:09.547024+00:00
FS,Revenue,Commercial,FOB Revenue,Domestic,Number,300000.0,27000.0,2024-10,kpi_actual_wide.csv,False,UA-006,False,4c802f51679528dfce3f40f919b22767d08e3f866dbf2b18d5b7e13f70d61226,2026-09-10 10:48:09.547024+00:00
FS,Revenue,Commercial,FOB Revenue,Domestic,Number,300000.0,25000.0,2024-11,kpi_actual_wide.csv,False,UA-006,False,0e4e2a84d5008365d62b9e904b5904a1a9854643aacb155f0db50fdd96d18759,2026-09-10 10:48:09.547024+00:00
FS,Revenue,Commercial,FOB Revenue,Domestic,Number,300000.0,26000.0,2024-12,kpi_actual_wide.csv,False,UA-006,False,af2132f0e128158d61814136a65637f8e870c6abbdce29469ae2706f003d67a2,2026-09-10 10:48:09.547024+00:00
FS,Revenue,Commercial,FOB Revenue,Export,Number,1200000.0,98000.0,2024-01,kpi_actual_wide.csv,False,UA-005,False,b3005e70826fab8334e875827876b9bf9c14ee5e301ee85f2c10ff695de1a508,2026-09-10 10:48:09.547024+00:00
FS,Revenue,Commercial,FOB Revenue,Export,Number,1200000.0,105000.0,2024-02,kpi_actual_wide.csv,False,UA-005,False,4eb12ed29559de32d25fdff29838fc8c0b9883828378fa981a8a2696dcb2883b,2026-09-10 10:48:09.547024+00:00
FS,Revenue,Commercial,FOB Revenue,Export,Number,1200000.0,112000.0,2024-03,kpi_actual_wide.csv,False,UA-005,False,9d0c26eb9d44bfb6fcaa2e7e8ca3e625adc88401d3d389a0b9f3bd313bfd8a08,2026-09-10 10:48:09.547024+00:00
FS,Revenue,Commercial,FOB Revenue,Export,Number,1200000.0,,2024-04,kpi_actual_wide.csv,False,UA-005,False,3317e6ce885f637ebdfed1590941c04432f2ab150a2db09f4d2063626fc59233,2026-09-10 10:48:09.547024+00:00
FS,Revenue,Commercial,FOB Revenue,Export,Number,1200000.0,118000.0,2024-05,kpi_actual_wide.csv,False,UA-005,False,aab370c9d26a8fbac5bcfa4795e43be381d6806cf712e8c82072b18f0c4afe85,2026-09-10 10:48:09.547024+00:00
FS,Revenue,Commercial,FOB Revenue,Export,Number,1200000.0,121000.0,2024-06,kpi_actual_wide.csv,False,UA-005,False,424a1e0841a7a0e8abb23994f3c9b3809efb9766ded667a5c48c43198019dc6f,2026-09-10 10:48:09.547024+00:00
FS,Revenue,Commercial,FOB Revenue,Export,Number,1200000.0,115000.0,2024-07,kpi_actual_wide.csv,False,UA-005,False,286c7bc78257369a64ffd0e5c4b67d06306150ec2771d024f8e9c8989d70520b,2026-09-10 10:48:09.547024+00:00
FS,Revenue,Commercial,FOB Revenue,Export,Number,1200000.0,,2024-08,kpi_actual_wide.csv,False,UA-005,False,7498dceb87c2e8443da08263d4b8d3d40e427a47dc4dabee70582797ab662942,2026-09-10 10:48:09.547024+00:00
FS,Revenue,Commercial,FOB Revenue,Export,Number,1200000.0,109000.0,2024-09,kpi_actual_wide.csv,False,UA-005,False,f781f75d8e3196a22ec60c852828a48b59eae6cc9f11b6baca8133811d1baf12,2026-09-10 10:48:09.547024+00:00
FS,Revenue,Commercial,FOB Revenue,Export,Number,1200000.0,116000.0,2024-10,kpi_actual_wide.csv,False,UA-005,False,d45ada442fd8723d7a977bcc8a432d59f83856ed06ee22af517f0f0a1679d295,2026-09-10 10:48:09.547024+00:00
FS,Revenue,Commercial,FOB Revenue,Export,Number,1200000.0,120000.0,2024-11,kpi_actual_wide.csv,False,UA-005,False,fd3ac442bb8c12eecccf0d55dc7f89101192d7567e78fde5a5be13350a5d60d0,2026-09-10 10:48:09.547024+00:00
FS,Revenue,Commercial,FOB Revenue,Export,Number,1200000.0,,2024-12,kpi_actual_wide.csv,False,UA-005,False,43d6b5f88d042452c2fe5d6a78d6ed96544058d1c40b9379df67711ccb7cefc9,2026-09-10 10:48:09.547024+00:00
FS,Waste,Production,Fabric Waste Rate,Knit,%,0.04,0.05,2024-01,kpi_actual_wide.csv,False,UA-008,False,569d1e7fcd6e40571bc8a5af7b2c9ba9d0dc471666b6096fa304d396cdcc86f4,2026-09-10 10:48:09.547024+00:00
FS,Waste,Production,Fabric Waste Rate,Knit,%,0.04,0.04,2024-02,kpi_actual_wide.csv,False,UA-008,False,47dde38d38c7217b490d8e14faf2631757c9ce5fd42c19ee4cb76833e89e905d,2026-09-10 10:48:09.547024+00:00
FS,Waste,Production,Fabric Waste Rate,Knit,%,0.04,0.04,2024-03,kpi_actual_wide.csv,False,UA-008,False,1aa67ea634b91c13d300be60d380e4c60d683339c8c39fa884c6d8dfaa7a45d2,2026-09-10 10:48:09.547024+00:00
FS,Waste,Production,Fabric Waste Rate,Knit,%,0.04,0.05,2024-04,kpi_actual_wide.csv,False,UA-008,False,93db6cc29d4f7f7fae5904e1f2df7be6ee120d318b699449129ac29a72b97583,2026-09-10 10:48:09.547024+00:00
FS,Waste,Production,Fabric Waste Rate,Knit,%,0.04,,2024-05,kpi_actual_wide.csv,False,UA-008,False,17e42fd9a8e2e3e66f71b266fd6fe9c32b2f068cec14b23fffddec007d55d97a,2026-09-10 10:48:09.547024+00:00
FS,Waste,Production,Fabric Waste Rate,Knit,%,0.04,0.04,2024-06,kpi_actual_wide.csv,False,UA-008,False,d6c6b45d986b3563b5a89f8d10219c026530efcb379aab6887670a217f25c731,2026-09-10 10:48:09.547024+00:00
FS,Waste,Production,Fabric Waste Rate,Knit,%,0.04,0.04,2024-07,kpi_actual_wide.csv,False,UA-008,False,399a9765f467220d073eab1eb8481909c8f6035ab5b578e77593a6311b49af8d,2026-09-10 10:48:09.547024+00:00
FS,Waste,Production,Fabric Waste Rate,Knit,%,0.04,0.05,2024-08,kpi_actual_wide.csv,False,UA-008,False,aca3c51a4eb56b407baefa6a2b632569d1f48756c6d32f783e059423de5b9849,2026-09-10 10:48:09.547024+00:00
FS,Waste,Production,Fabric Waste Rate,Knit,%,0.04,0.04,2024-09,kpi_actual_wide.csv,False,UA-008,False,50a2562133460c70b4467a3a11d3057f8954dbf174862573bb42a6f1c8612fa4,2026-09-10 10:48:09.547024+00:00
FS,Waste,Production,Fabric Waste Rate,Knit,%,0.04,0.04,2024-10,kpi_actual_wide.csv,False,UA-008,False,b28344bb2cebc3cde5001326cbb787ecba3426f24b8a8a2c941a27141a9cbf7c,2026-09-10 10:48:09.547024+00:00
FS,Waste,Production,Fabric Waste Rate,Knit,%,0.04,0.05,2024-11,kpi_actual_wide.csv,False,UA-008,False,ffd647408c28d44ecab15c78a446a3036a81d4abd4ec7f4bccc357cb9537a67a,2026-09-10 10:48:09.547024+00:00
FS,Waste,Production,Fabric Waste Rate,Knit,%,0.04,0.04,2024-12,kpi_actual_wide.csv,False,UA-008,False,dbcfaaf25152ce8070e94b8a1622e0ed9e7cbe28af6986bc4424d36f8f2df43b,2026-09-10 10:48:09.547024+00:00
FS,Waste,Production,Fabric Waste Rate,Woven,%,0.06,0.07,2024-01,kpi_actual_wide.csv,False,UA-009,False,e721073e87915408cb8d1bcb90ece022aeb0fd44b319a14195fc3591686a421b,2026-09-10 10:48:09.547024+00:00
FS,Waste,Production,Fabric Waste Rate,Woven,%,0.06,0.06,2024-02,kpi_actual_wide.csv,False,UA-009,False,b821860cdedcc355f4f8638b103d48dc13e6dd706f25db6f98ad96e949bfd55f,2026-09-10 10:48:09.547024+00:00
FS,Waste,Production,Fabric Waste Rate,Woven,%,0.06,0.06,2024-03,kpi_actual_wide.csv,False,UA-009,False,01017471f8f280b084497efa6a3f39c39b91d027fd860fb0bc4b0b19118d9f32,2026-09-10 10:48:09.547024+00:00
FS,Waste,Production,Fabric Waste Rate,Woven,%,0.06,0.07,2024-04,kpi_actual_wide.csv,False,UA-009,False,a39cba7f38aa4d6827e24e814c7ab7cee3837df8228a74b5db841580d06d985d,2026-09-10 10:48:09.547024+00:00
FS,Waste,Production,Fabric Waste Rate,Woven,%,0.06,0.06,2024-05,kpi_actual_wide.csv,False,UA-009,False,3af9fb9e0015f0170fa16ef0727ee9b4fcba80a9834d42f94579283e2be07d7d,2026-09-10 10:48:09.547024+00:00
FS,Waste,Production,Fabric Waste Rate,Woven,%,0.06,,2024-06,kpi_actual_wide.csv,False,UA-009,False,26242b0df0ffaf3a3a167924ce67d348c185ceed4b5c2256579048940aaebe5d,2026-09-10 10:48:09.547024+00:00
FS,Waste,Production,Fabric Waste Rate,Woven,%,0.06,0.07,2024-07,kpi_actual_wide.csv,False,UA-009,False,01a7855c26fb02631ba20c40e236f4cc68c5d50ce6340b97465f65874878279e,2026-09-10 10:48:09.547024+00:00
FS,Waste,Production,Fabric Waste Rate,Woven,%,0.06,0.06,2024-08,kpi_actual_wide.csv,False,UA-009,False,565a0726a615b50c795c99975aa7939c4b61b768cfc91357c31a90afa05d1339,2026-09-10 10:48:09.547024+00:00
FS,Waste,Production,Fabric Waste Rate,Woven,%,0.06,0.06,2024-09,kpi_actual_wide.csv,False,UA-009,False,d4dbea40083ac6f177d80d434845ca1a002eb48d9751375241298891fc01cb75,2026-09-10 10:48:09.547024+00:00
FS,Waste,Production,Fabric Waste Rate,Woven,%,0.06,0.07,2024-10,kpi_actual_wide.csv,False,UA-009,False,d5ab813cc8f22b2a3ee86e3814a6373ae9a5aa15d5c1a0fbf25da80222954fb1,2026-09-10 10:48:09.547024+00:00
FS,Waste,Production,Fabric Waste Rate,Woven,%,0.06,0.06,2024-11,kpi_actual_wide.csv,False,UA-009,False,03b3b2aba31e4348fb5fdcebdc8c4628a835d5dde0a15beb6fd96c3ff275655e,2026-09-10 10:48:09.547024+00:00
FS,Waste,Production,Fabric Waste Rate,Woven,%,0.06,,2024-12,kpi_actual_wide.csv,False,UA-009,False,1379a1dd9149b6e38b51ee99a752bbe0a8b88d2967fdb122c3fdd3ccf6e489b4,2026-09-10 10:48:09.547024+00:00
FS,Waste,Production,Fabric Waste Rate,ALL,%,0.05,0.06,2024-01,kpi_actual_wide.csv,False,UA-007,False,e8051af334c994383960c601357c44a3b0304cb100f74034738f1ab46d920205,2026-09-10 10:48:09.547024+00:00
FS,Waste,Production,Fabric Waste Rate,ALL,%,0.05,0.05,2024-02,kpi_actual_wide.csv,False,UA-007,False,c8b0bb54df611a6b63ad92dc222151a2eb94720d33f0f5fc7a097980a389e317,2026-09-10 10:48:09.547024+00:00
FS,Waste,Production,Fabric Waste Rate,ALL,%,0.05,0.04,2024-03,kpi_actual_wide.csv,False,UA-007,False,1bc57503a9b6cb4c617a84372fdb77c9b369eae3451fabf329cf489bf30f9bf3,2026-09-10 10:48:09.547024+00:00
FS,Waste,Production,Fabric Waste Rate,ALL,%,0.05,0.06,2024-04,kpi_actual_wide.csv,False,UA-007,False,afade1df040695c3e279ec7b4dc95028db7749994e59fb27e569407504e3f260,2026-09-10 10:48:09.547024+00:00
FS,Waste,Production,Fabric Waste Rate,ALL,%,0.05,0.05,2024-05,kpi_actual_wide.csv,False,UA-007,False,280e3ed1f7cfb6425607db6df6f481edb6cb9f4cc08b9ea9eb831e1eb869d199,2026-09-10 10:48:09.547024+00:00
FS,Waste,Production,Fabric Waste Rate,ALL,%,0.05,,2024-06,kpi_actual_wide.csv,False,UA-007,False,1a80dce860bb44f7d6831965bd7143f313ca5368bd3c250bb665f8822f42a5b0,2026-09-10 10:48:09.547024+00:00
FS,Waste,Production,Fabric Waste Rate,ALL,%,0.05,0.07,2024-07,kpi_actual_wide.csv,False,UA-007,False,ac82b913b34c3fe7d6d879ede2419155d87b7621b05adb5f8ec5b75b1a9e2fac,2026-09-10 10:48:09.547024+00:00
FS,Waste,Production,Fabric Waste Rate,ALL,%,0.05,0.05,2024-08,kpi_actual_wide.csv,False,UA-007,False,d3faa987cabefe6bfedba909a7f206a95f60739d57e645a502765fa6cce0a3e2,2026-09-10 10:48:09.547024+00:00
FS,Waste,Production,Fabric Waste Rate,ALL,%,0.05,0.04,2024-09,kpi_actual_wide.csv,False,UA-007,False,7774bf1985b21a4a951bcc07d9dda864da3cf1e7a2894909deb9359893a82951,2026-09-10 10:48:09.547024+00:00
FS,Waste,Production,Fabric Waste Rate,ALL,%,0.05,0.06,2024-10,kpi_actual_wide.csv,False,UA-007,False,b7ae4ccc13c3170340f2ecbb15403b554b0bd162e0416f87f46df2ab9168d13f,2026-09-10 10:48:09.547024+00:00
FS,Waste,Production,Fabric Waste Rate,ALL,%,0.05,0.05,2024-11,kpi_actual_wide.csv,False,UA-007,False,92e5bcc29ef8e3b9f9f67f1a454a350a91e0545ae2012c9dc294dcb4a4050935,2026-09-10 10:48:09.547024+00:00
FS,Waste,Production,Fabric Waste Rate,ALL,%,0.05,,2024-12,kpi_actual_wide.csv,False,UA-007,False,bdddda6c62906f7833b803ddd02823702f7f8fa27b1fe1943e4f7c1eb31cae55,2026-09-10 10:48:09.547024+00:00
OF,Headcount,HR,Headcount,Contractor,Number,30.0,28.0,2024-01,kpi_actual_wide.csv,False,OF-006,False,ed6d22387874ae1ab6ecb46f7a21eadcca908a7309497bf763621a0da83da4ef,2026-09-10 10:48:09.547024+00:00
OF,Headcount,HR,Headcount,Contractor,Number,30.0,30.0,2024-02,kpi_actual_wide.csv,False,OF-006,False,520be1682d78fd4ea2d6bc0e13c963ffa93160d06c82b783aa9608959495c1d3,2026-09-10 10:48:09.547024+00:00
OF,Headcount,HR,Headcount,Contractor,Number,30.0,32.0,2024-03,kpi_actual_wide.csv,False,OF-006,False,7126a130f02b049e51fa3636e6c9853ced26b30974776e007c8bef4c44c45e28,2026-09-10 10:48:09.547024+00:00
OF,Headcount,HR,Headcount,Contractor,Number,30.0,,2024-04,kpi_actual_wide.csv,False,OF-006,False,fd344dd7e12737ec7122dbb2bae5308535b70edae0d1453a16984e5f340c428d,2026-09-10 10:48:09.547024+00:00
OF,Headcount,HR,Headcount,Contractor,Number,30.0,31.0,2024-05,kpi_actual_wide.csv,False,OF-006,False,e842b75104d975c0d2fc40bb7f9a5e1e695cc98de1d773b7f4868a9f31bb6433,2026-09-10 10:48:09.547024+00:00
OF,Headcount,HR,Headcount,Contractor,Number,30.0,29.0,2024-06,kpi_actual_wide.csv,False,OF-006,False,c90cfcdbe3bb49a82430e2db277839b2b077f43b91fac01b813091f6b27e16a3,2026-09-10 10:48:09.547024+00:00
OF,Headcount,HR,Headcount,Contractor,Number,30.0,30.0,2024-07,kpi_actual_wide.csv,False,OF-006,False,fc57a170a8c3d349d1a68bea4c1a07ed23ecddc4281eee8da1d66f288391e895,2026-09-10 10:48:09.547024+00:00
OF,Headcount,HR,Headcount,Contractor,Number,30.0,,2024-08,kpi_actual_wide.csv,False,OF-006,False,7f5b15228918d7bced88b114c711c4686096ad6433da5669267f0e9dc1a9d88a,2026-09-10 10:48:09.547024+00:00
OF,Headcount,HR,Headcount,Contractor,Number,30.0,28.0,2024-09,kpi_actual_wide.csv,False,OF-006,False,6747906753bac2fad8fff7b1b944c8c854d68b415e6ae9c7396db975c875dafb,2026-09-10 10:48:09.547024+00:00
OF,Headcount,HR,Headcount,Contractor,Number,30.0,31.0,2024-10,kpi_actual_wide.csv,False,OF-006,False,6245a399bf65cd66643096da99667ee0d2b5f77681436cc5c38f43a87ab87b71,2026-09-10 10:48:09.547024+00:00
OF,Headcount,HR,Headcount,Contractor,Number,30.0,32.0,2024-11,kpi_actual_wide.csv,False,OF-006,False,7cf337c4b541defa1e610f6a8faa89fcdd3378d82954332be0cb0303cc60cf39,2026-09-10 10:48:09.547024+00:00
OF,Headcount,HR,Headcount,Contractor,Number,30.0,30.0,2024-12,kpi_actual_wide.csv,False,OF-006,False,85ec0cfe0c80288c4d65ab89ebcb74dee574a023c695286e3c5959125d3d1898,2026-09-10 10:48:09.547024+00:00
OF,Headcount,HR,Headcount,Permanent,Number,450.0,445.0,2024-01,kpi_actual_wide.csv,False,OF-004,False,e8eed2463ca26e8cc0bff7e2887d7041d8b36b01e8483a5d62b19a7649716832,2026-09-10 10:48:09.547024+00:00
OF,Headcount,HR,Headcount,Permanent,Number,450.0,448.0,2024-02,kpi_actual_wide.csv,False,OF-004,False,e5cdff4fe42562faffeb3739e4533e635731038508bd7b7a30711141ae13f38f,2026-09-10 10:48:09.547024+00:00
OF,Headcount,HR,Headcount,Permanent,Number,450.0,450.0,2024-03,kpi_actual_wide.csv,False,OF-004,False,7f27203c9d7145d350b8fb7e68245961a655c0b6572993e105d67769d1bb2004,2026-09-10 10:48:09.547024+00:00
OF,Headcount,HR,Headcount,Permanent,Number,450.0,452.0,2024-04,kpi_actual_wide.csv,False,OF-004,False,db728a460a9b4230232f2768d4e1483ed9a6921f2fb42be53826b05389d09a18,2026-09-10 10:48:09.547024+00:00
OF,Headcount,HR,Headcount,Permanent,Number,450.0,,2024-05,kpi_actual_wide.csv,False,OF-004,False,cf166a640f8880dfc04ae8b44d91599ed1d56efe934f931134f69b1da5d74bbd,2026-09-10 10:48:09.547024+00:00
OF,Headcount,HR,Headcount,Permanent,Number,450.0,455.0,2024-06,kpi_actual_wide.csv,False,OF-004,False,7978db10f56894c448be7c69dcfc3779caad689e5f10adf4994b906a49af99f6,2026-09-10 10:48:09.547024+00:00
OF,Headcount,HR,Headcount,Permanent,Number,450.0,448.0,2024-07,kpi_actual_wide.csv,False,OF-004,False,2c3295e9aee7ef2af50ed783fc1724377b7ae946a251ffef94c990c58f3243e4,2026-09-10 10:48:09.547024+00:00
OF,Headcount,HR,Headcount,Permanent,Number,450.0,450.0,2024-08,kpi_actual_wide.csv,False,OF-004,False,b7393269c12c463f0eace162e86598688d944e4b2e9c67b2e6edb7d3d25d2f1e,2026-09-10 10:48:09.547024+00:00
OF,Headcount,HR,Headcount,Permanent,Number,450.0,,2024-09,kpi_actual_wide.csv,False,OF-004,False,79411fe50a8a4c7b83be0d8378d632873bd3c0109bd869e25d3c90bb341621d2,2026-09-10 10:48:09.547024+00:00
OF,Headcount,HR,Headcount,Permanent,Number,450.0,452.0,2024-10,kpi_actual_wide.csv,False,OF-004,False,3e655b95771fff50a47bf6bab12bd42bedbdecbf994ee1f8ee5c9aca75b9a1ef,2026-09-10 10:48:09.547024+00:00
OF,Headcount,HR,Headcount,Permanent,Number,450.0,455.0,2024-11,kpi_actual_wide.csv,False,OF-004,False,740adc84c55fe08ffdd8a677d9f467290d48764a5f4a2d21baec3a2126919acb,2026-09-10 10:48:09.547024+00:00
OF,Headcount,HR,Headcount,Permanent,Number,450.0,450.0,2024-12,kpi_actual_wide.csv,False,OF-004,False,25503cc7853c9f952f957ed035be23ec7b22f8f2e3f5a8a55110be4e2e77b575,2026-09-10 10:48:09.547024+00:00
OF,Headcount,HR,Headcount,Seasonal,Number,80.0,70.0,2024-01,kpi_actual_wide.csv,False,OF-005,False,fba3dd02a046bf994654fc3e6c37e00c5334efbd635e0288f0635770b139e28c,2026-09-10 10:48:09.547024+00:00
OF,Headcount,HR,Headcount,Seasonal,Number,80.0,75.0,2024-02,kpi_actual_wide.csv,False,OF-005,False,6c0abd4b319f27c46f3af5f35009f0bdc20935e18444a923c7bb899165b61643,2026-09-10 10:48:09.547024+00:00
OF,Headcount,HR,Headcount,Seasonal,Number,80.0,,2024-03,kpi_actual_wide.csv,False,OF-005,False,9a4cda773386d258f16300a5fcb8b8fd435290bbe1b277a55c6e6874df95cb95,2026-09-10 10:48:09.547024+00:00
OF,Headcount,HR,Headcount,Seasonal,Number,80.0,85.0,2024-04,kpi_actual_wide.csv,False,OF-005,False,bd2bbcd3092872739061601308d7a1330f7c28fb7c737377f805d3337aae5775,2026-09-10 10:48:09.547024+00:00
OF,Headcount,HR,Headcount,Seasonal,Number,80.0,90.0,2024-05,kpi_actual_wide.csv,False,OF-005,False,4beaa523c52df2ee899a92c41c62c9c1d1e3534095bf712a16c76cbc11925ed8,2026-09-10 10:48:09.547024+00:00
OF,Headcount,HR,Headcount,Seasonal,Number,80.0,88.0,2024-06,kpi_actual_wide.csv,False,OF-005,False,d9affe52396feb7de6b00227ddd98f1d84b54b09425c1258f65efed1fc5b25b1,2026-09-10 10:48:09.547024+00:00
OF,Headcount,HR,Headcount,Seasonal,Number,80.0,82.0,2024-07,kpi_actual_wide.csv,False,OF-005,False,169884ec6b2044140dc2b278a9d0c5628ce28739918a09fc059189215b8e129b,2026-09-10 10:48:09.547024+00:00
OF,Headcount,HR,Headcount,Seasonal,Number,80.0,,2024-08,kpi_actual_wide.csv,False,OF-005,False,c07ea4c2dd9f02cfe26e32053ae28a0e7a3eabdf335466beea5599c80cd5325b,2026-09-10 10:48:09.547024+00:00
OF,Headcount,HR,Headcount,Seasonal,Number,80.0,75.0,2024-09,kpi_actual_wide.csv,False,OF-005,False,4b109bf5b48afc1ebd555270b9fe469e031a8a0bda826353d0148cabb58fd274,2026-09-10 10:48:09.547024+00:00
OF,Headcount,HR,Headcount,Seasonal,Number,80.0,78.0,2024-10,kpi_actual_wide.csv,False,OF-005,False,1bf1cc0b73181eeb3299494b7232a56dcaf3ce986247cc47c0a475e2c062eb92,2026-09-10 10:48:09.547024+00:00
OF,Headcount,HR,Headcount,Seasonal,Number,80.0,80.0,2024-11,kpi_actual_wide.csv,False,OF-005,False,74af9335bbd2edc33a9598cebe20803f571509397ab7984ae392e5e74804f7cd,2026-09-10 10:48:09.547024+00:00
OF,Headcount,HR,Headcount,Seasonal,Number,80.0,,2024-12,kpi_actual_wide.csv,False,OF-005,False,16547385a8bd63d5365cd2553a4c8f22f1319d99515b4244c050f9061bccd5a0,2026-09-10 10:48:09.547024+00:00
OF,Productivity,Production,Line Efficiency,Line A,%,0.85,0.83,2024-01,kpi_actual_wide.csv,False,OF-001,False,2987512f4e565aab2653d69cd8797179dc1476c013be98acd81a3761395595a9,2026-09-10 10:48:09.547024+00:00
OF,Productivity,Production,Line Efficiency,Line A,%,0.85,0.84,2024-02,kpi_actual_wide.csv,False,OF-001,False,287385791f606d8ba955d12248b74a264557048a658b4ed5e300ec21209d56b5,2026-09-10 10:48:09.547024+00:00
OF,Productivity,Production,Line Efficiency,Line A,%,0.85,0.86,2024-03,kpi_actual_wide.csv,False,OF-001,False,684cbfea0766ec1d60506983a01c5f46ad403a4accfb44bd3a63ecf3fe3f1648,2026-09-10 10:48:09.547024+00:00
OF,Productivity,Production,Line Efficiency,Line A,%,0.85,,2024-04,kpi_actual_wide.csv,False,OF-001,False,b4672480cef4b6f944a68d6292aba47f3e7768d0286c8b04e2efc3a704271a8a,2026-09-10 10:48:09.547024+00:00
OF,Productivity,Production,Line Efficiency,Line A,%,0.85,0.85,2024-05,kpi_actual_wide.csv,False,OF-001,False,29bf04b7abe0ca9230a46e49d0d5c479501aa600af3165cbf88ebfe0890b6e72,2026-09-10 10:48:09.547024+00:00
OF,Productivity,Production,Line Efficiency,Line A,%,0.85,0.83,2024-06,kpi_actual_wide.csv,False,OF-001,False,dc5228209be0b55f1a6810b68d6775b0da2f099ab128f1bb0afeff7e0a24618d,2026-09-10 10:48:09.547024+00:00
OF,Productivity,Production,Line Efficiency,Line A,%,0.85,0.84,2024-07,kpi_actual_wide.csv,False,OF-001,False,b9e7e628db64f01a052a67ade5c1128bbca8188fc60ebfae17f5284b7949dc9a,2026-09-10 10:48:09.547024+00:00
OF,Productivity,Production,Line Efficiency,Line A,%,0.85,0.86,2024-08,kpi_actual_wide.csv,False,OF-001,False,bdb28c97ddf8f8a3349958cb1b71272d2a854e81839d73302bb1ba73d1990062,2026-09-10 10:48:09.547024+00:00
OF,Productivity,Production,Line Efficiency,Line A,%,0.85,,2024-09,kpi_actual_wide.csv,False,OF-001,False,ce321d8648bee4ba88ed6cea52ba70f8e75a9c6b16571b28aff52f1ebcb53b96,2026-09-10 10:48:09.547024+00:00
OF,Productivity,Production,Line Efficiency,Line A,%,0.85,0.85,2024-10,kpi_actual_wide.csv,False,OF-001,False,4ee922039b1f6ed9685aef61ee64d1adb2ddda130545f0a83efb749514e1fac8,2026-09-10 10:48:09.547024+00:00
OF,Productivity,Production,Line Efficiency,Line A,%,0.85,0.84,2024-11,kpi_actual_wide.csv,False,OF-001,False,97582ff767f04d149609567f7274cc8bcaaef01d3ea746e0dfcd610c52cc620e,2026-09-10 10:48:09.547024+00:00
OF,Productivity,Production,Line Efficiency,Line A,%,0.85,,2024-12,kpi_actual_wide.csv,False,OF-001,False,d13595b9adbe217c427f4e9cf84f2ffcbe01840d6b13e1c3f2bd9e17558977da,2026-09-10 10:48:09.547024+00:00
OF,Productivity,Production,Line Efficiency,Line B,%,0.82,0.8,2024-01,kpi_actual_wide.csv,False,OF-002,False,8bac8d29242fe8314183b2197b1e5c8d8dfc1b4459b1b35bd449ec801bb8d7f3,2026-09-10 10:48:09.547024+00:00
OF,Productivity,Production,Line Efficiency,Line B,%,0.82,0.81,2024-02,kpi_actual_wide.csv,False,OF-002,False,0dc15608aec6376fc49008eec5029da2e3b58ec5baedf9213541bb111f7f286b,2026-09-10 10:48:09.547024+00:00
OF,Productivity,Production,Line Efficiency,Line B,%,0.82,0.83,2024-03,kpi_actual_wide.csv,False,OF-002,False,3128370be3cddacbe46b07d1a62a07de0409e84616e9f95fbd27c134257668a2,2026-09-10 10:48:09.547024+00:00
OF,Productivity,Production,Line Efficiency,Line B,%,0.82,0.82,2024-04,kpi_actual_wide.csv,False,OF-002,False,8ea4df7ee52e36831b65297919f775c8a2e1add1f9afff6b2709a2b41ddab074,2026-09-10 10:48:09.547024+00:00
OF,Productivity,Production,Line Efficiency,Line B,%,0.82,,2024-05,kpi_actual_wide.csv,False,OF-002,False,2e8c8e0a832fc295e538f8c54aa3db49462d8fb2acacc6f5772bce3a4038075f,2026-09-10 10:48:09.547024+00:00
OF,Productivity,Production,Line Efficiency,Line B,%,0.82,0.8,2024-06,kpi_actual_wide.csv,False,OF-002,False,ffc712c9fd503799624be4a377ecb4f0a96f875aa49f283bc3250e94af7ef53e,2026-09-10 10:48:09.547024+00:00
OF,Productivity,Production,Line Efficiency,Line B,%,0.82,0.82,2024-07,kpi_actual_wide.csv,False,OF-002,False,728d80ad68f1eced82536414697244c9728998e51823a3fc95b481f5825e113b,2026-09-10 10:48:09.547024+00:00
OF,Productivity,Production,Line Efficiency,Line B,%,0.82,0.83,2024-08,kpi_actual_wide.csv,False,OF-002,False,a1038cac65af759c22344abce105b8f376e7c0b9f7a2aa0d33909d42d2257b95,2026-09-10 10:48:09.547024+00:00
OF,Productivity,Production,Line Efficiency,Line B,%,0.82,0.81,2024-09,kpi_actual_wide.csv,False,OF-002,False,5a1ae23a1f4f861f4ca29c5425b030622c0286bfd3eb4ed452605f4d0bd6cb54,2026-09-10 10:48:09.547024+00:00
OF,Productivity,Production,Line Efficiency,Line B,%,0.82,,2024-10,kpi_actual_wide.csv,False,OF-002,False,00665dcae5fe8b9d04fe67a659816c8f7020a97302efcdf2b4cd25059e1042b7,2026-09-10 10:48:09.547024+00:00
OF,Productivity,Production,Line Efficiency,Line B,%,0.82,0.82,2024-11,kpi_actual_wide.csv,False,OF-002,False,e0f614778d6bec1c539e26717067b55dc507baf37c7bf8dc107cf81d35e299d8,2026-09-10 10:48:09.547024+00:00
OF,Productivity,Production,Line Efficiency,Line B,%,0.82,0.8,2024-12,kpi_actual_wide.csv,False,OF-002,False,e841b498bc366ebbdc36603ed4bc342b906af7027cd1c2e9f778884a52a45136,2026-09-10 10:48:09.547024+00:00
OF,Productivity,Production,Line Efficiency,Line C,%,0.8,0.78,2024-01,kpi_actual_wide.csv,False,OF-003,False,1aed913bc4d2a2aaaf0a73d42093cc7990249e004b21fb419a7de9cfaa404aad,2026-09-10 10:48:09.547024+00:00
OF,Productivity,Production,Line Efficiency,Line C,%,0.8,0.8,2024-02,kpi_actual_wide.csv,False,OF-003,False,50c2148de9b54f5e8a1ea3ad43546ff5ea9042b4307197aa6f0ea2b173b8fb58,2026-09-10 10:48:09.547024+00:00
OF,Productivity,Production,Line Efficiency,Line C,%,0.8,0.81,2024-03,kpi_actual_wide.csv,False,OF-003,False,45d3a2c5368b38b7090425cb75bb789c2a76d67363afc0c703620ad9c4596ea2,2026-09-10 10:48:09.547024+00:00
OF,Productivity,Production,Line Efficiency,Line C,%,0.8,,2024-04,kpi_actual_wide.csv,False,OF-003,False,1b8ec0141da8f7798635c2b577afc480993a7d255aac2476b43decec6ddf883a,2026-09-10 10:48:09.547024+00:00
OF,Productivity,Production,Line Efficiency,Line C,%,0.8,0.79,2024-05,kpi_actual_wide.csv,False,OF-003,False,423cc77fd7d9a5251099a3b3b59cde00e146417bda05b2577ba5c31048e74be9,2026-09-10 10:48:09.547024+00:00
OF,Productivity,Production,Line Efficiency,Line C,%,0.8,0.8,2024-06,kpi_actual_wide.csv,False,OF-003,False,fc7eca875299834c2b8eb6d58daa3ab885febcc5f970f3cd01ed0e156c72e410,2026-09-10 10:48:09.547024+00:00
OF,Productivity,Production,Line Efficiency,Line C,%,0.8,0.78,2024-07,kpi_actual_wide.csv,False,OF-003,False,2693917c3033eb15b9b83c63b0f965ce60d6b724d989ba5adaccaa7f1e3f08eb,2026-09-10 10:48:09.547024+00:00
OF,Productivity,Production,Line Efficiency,Line C,%,0.8,,2024-08,kpi_actual_wide.csv,False,OF-003,False,7336e2e5be31e4bda07bb188682a921230be00485581f70d44cbe80f223de02c,2026-09-10 10:48:09.547024+00:00
OF,Productivity,Production,Line Efficiency,Line C,%,0.8,0.81,2024-09,kpi_actual_wide.csv,False,OF-003,False,473a4b471a6345c62a8133bebce5dc3e0bac185b2b1416afcff94c9c9a33cf01,2026-09-10 10:48:09.547024+00:00
OF,Productivity,Production,Line Efficiency,Line C,%,0.8,0.79,2024-10,kpi_actual_wide.csv,False,OF-003,False,44f2801221998ad10157579772bac4f57ba1af526bc15e3b48902ce33bac48ee,2026-09-10 10:48:09.547024+00:00
OF,Productivity,Production,Line Efficiency,Line C,%,0.8,0.8,2024-11,kpi_actual_wide.csv,False,OF-003,False,fea78ae2d0a6ad26e6ab79d072e2eb129504d7cf5ca50c504183f3b804c4d204,2026-09-10 10:48:09.547024+00:00
OF,Productivity,Production,Line Efficiency,Line C,%,0.8,,2024-12,kpi_actual_wide.csv,False,OF-003,False,ad12a9c72b0db8c97c35180a960976b6df7ae2ce9ed2bbe5f9a6e539252383ef,2026-09-10 10:48:09.547024+00:00
OF,Training,HR,Training Completion,External,Number,50.0,5.0,2024-01,kpi_actual_wide.csv,False,OF-009,False,4896a4862d1e0b24d0a8b0a7303db83a529657ea725b1c627742a0ee4b12ec6f,2026-09-10 10:48:09.547024+00:00
OF,Training,HR,Training Completion,External,Number,50.0,6.0,2024-02,kpi_actual_wide.csv,False,OF-009,False,a524aec025d3e3c34a20743957edf1038a0adf1cf322c54a8a4936b0d52a3e2f,2026-09-10 10:48:09.547024+00:00
OF,Training,HR,Training Completion,External,Number,50.0,4.0,2024-03,kpi_actual_wide.csv,False,OF-009,False,de0c42c6a029cb72f5f448ad480c21adc1391da81d2ca04ace83225a0accc813,2026-09-10 10:48:09.547024+00:00
OF,Training,HR,Training Completion,External,Number,50.0,,2024-04,kpi_actual_wide.csv,False,OF-009,False,7a6eb6f23299299ab2daea59a831b7bdd2664bb408fd2c10610a0032686c41dc,2026-09-10 10:48:09.547024+00:00
OF,Training,HR,Training Completion,External,Number,50.0,7.0,2024-05,kpi_actual_wide.csv,False,OF-009,False,e532f3f0ddd7a39361685a03d96ffb2041656410e0b9a6795e15b7bfec5a7a02,2026-09-10 10:48:09.547024+00:00
OF,Training,HR,Training Completion,External,Number,50.0,5.0,2024-06,kpi_actual_wide.csv,False,OF-009,False,e059352484cd07f6f91deb10f402104425396cdc010824fc776ac87cda0e9522,2026-09-10 10:48:09.547024+00:00
OF,Training,HR,Training Completion,External,Number,50.0,6.0,2024-07,kpi_actual_wide.csv,False,OF-009,False,c16908c5563b0ef5c543d64cda6fa00e64d4ba1fdac888526dc484d7f06da30e,2026-09-10 10:48:09.547024+00:00
OF,Training,HR,Training Completion,External,Number,50.0,,2024-08,kpi_actual_wide.csv,False,OF-009,False,60b04c072cf18d250c417d258adade8e157318cafd58ddcae50fe4fd9fec4d4f,2026-09-10 10:48:09.547024+00:00
OF,Training,HR,Training Completion,External,Number,50.0,4.0,2024-09,kpi_actual_wide.csv,False,OF-009,False,c27536a10e795b3e7562f73a3d40970c4352207d0d1370bd4d5561a492b880aa,2026-09-10 10:48:09.547024+00:00
OF,Training,HR,Training Completion,External,Number,50.0,5.0,2024-10,kpi_actual_wide.csv,False,OF-009,False,4a5a8837d14030803abbf5c9b048e0a88f760e764363aacb3cbc80d52160c04d,2026-09-10 10:48:09.547024+00:00
OF,Training,HR,Training Completion,External,Number,50.0,7.0,2024-11,kpi_actual_wide.csv,False,OF-009,False,16d1889a8603e4f88dc25b94934d12f11645ecc9fba9398d8041fe1dcd22b508,2026-09-10 10:48:09.547024+00:00
OF,Training,HR,Training Completion,External,Number,50.0,6.0,2024-12,kpi_actual_wide.csv,False,OF-009,False,6a95018d35f783d788c374e895da11880f8e92e5f22e204ce1933f35af3d054a,2026-09-10 10:48:09.547024+00:00
OF,Training,HR,Training Completion,Internal,%,1.0,0.8,2024-01,kpi_actual_wide.csv,False,OF-008,False,9ecc77bdee40b9e5ebff967c18740cebcb932e075c4c9c97cef0d5f590eb05e6,2026-09-10 10:48:09.547024+00:00
OF,Training,HR,Training Completion,Internal,%,1.0,0.85,2024-02,kpi_actual_wide.csv,False,OF-008,False,e4320528e2879908d006a7aaa0ceab0394afc9e39b8da6f329926405b387342c,2026-09-10 10:48:09.547024+00:00
OF,Training,HR,Training Completion,Internal,%,1.0,0.9,2024-03,kpi_actual_wide.csv,False,OF-008,False,8fb268a245cd816094cb0c3e77bb69de70a2c7f8cff3a7d84d68c986f7450068,2026-09-10 10:48:09.547024+00:00
OF,Training,HR,Training Completion,Internal,%,1.0,,2024-04,kpi_actual_wide.csv,False,OF-008,False,de7a3f72bd69fe912f3af9a9df182fc41e9f03f06e84032fb3ac19c346656524,2026-09-10 10:48:09.547024+00:00
OF,Training,HR,Training Completion,Internal,%,1.0,0.88,2024-05,kpi_actual_wide.csv,False,OF-008,False,a23e62a177d1d4ff9a7f54daf2fc2d2a2e8a78710fc5586585bdfcb4ded477aa,2026-09-10 10:48:09.547024+00:00
OF,Training,HR,Training Completion,Internal,%,1.0,0.92,2024-06,kpi_actual_wide.csv,False,OF-008,False,7da6bea59992705574bc3482f0fca19b25eba6b99a52b9550e6667e2439f26e7,2026-09-10 10:48:09.547024+00:00
OF,Training,HR,Training Completion,Internal,%,1.0,0.85,2024-07,kpi_actual_wide.csv,False,OF-008,False,2c24707d9afdd30d25e94a9dd3bc4223334fc68195fc9f09fbb16144ef1ef050,2026-09-10 10:48:09.547024+00:00
OF,Training,HR,Training Completion,Internal,%,1.0,0.9,2024-08,kpi_actual_wide.csv,False,OF-008,False,9bae275c39068a0c828c52c98c082ba8dae3e03032a3ab0f0292871b21bee848,2026-09-10 10:48:09.547024+00:00
OF,Training,HR,Training Completion,Internal,%,1.0,,2024-09,kpi_actual_wide.csv,False,OF-008,False,3d796b5380d611e3b43925a82ba3d03c1793a8f0a9613fbecaae7756a875e81c,2026-09-10 10:48:09.547024+00:00
OF,Training,HR,Training Completion,Internal,%,1.0,0.88,2024-10,kpi_actual_wide.csv,False,OF-008,False,d0d3a64c84adad70010dba06218043c0b9b4170108ec26b7aae3aa0e97233b42,2026-09-10 10:48:09.547024+00:00
OF,Training,HR,Training Completion,Internal,%,1.0,0.91,2024-11,kpi_actual_wide.csv,False,OF-008,False,7b7d36bb2e1edf97e9a031f67c5b655ec2d235a1d91b336967d025fb3f994322,2026-09-10 10:48:09.547024+00:00
OF,Training,HR,Training Completion,Internal,%,1.0,,2024-12,kpi_actual_wide.csv,False,OF-008,False,7389282874c8fd7c77a7b661a3a0a7e721de46d43ff9bfd89d889ab91aac7866,2026-09-10 10:48:09.547024+00:00
OF,Turnover,HR,Staff Turnover Rate,ALL,%,0.02,0.03,2024-01,kpi_actual_wide.csv,False,OF-007,False,2b1ef7058991eb4d2fb6f6481e5e0cdfdc8745fcd21d61dd39de6c837c9aaa93,2026-09-10 10:48:09.547024+00:00
OF,Turnover,HR,Staff Turnover Rate,ALL,%,0.02,0.02,2024-02,kpi_actual_wide.csv,False,OF-007,False,49a2f9fd3b31d3197035a9846c8f97f938f6fb4424400b829b626cc80e9899b1,2026-09-10 10:48:09.547024+00:00
OF,Turnover,HR,Staff Turnover Rate,ALL,%,0.02,0.02,2024-03,kpi_actual_wide.csv,False,OF-007,False,ccc1c6d1c1cfd54df0763834dd8f89bf31e0ac786b3fbddaaedf88915f647ecd,2026-09-10 10:48:09.547024+00:00
OF,Turnover,HR,Staff Turnover Rate,ALL,%,0.02,,2024-04,kpi_actual_wide.csv,False,OF-007,False,40a7a804144fa2badd0ba082c48b9d804f2585e052a5b1fecea674442a1fd51e,2026-09-10 10:48:09.547024+00:00
OF,Turnover,HR,Staff Turnover Rate,ALL,%,0.02,0.03,2024-05,kpi_actual_wide.csv,False,OF-007,False,4c1c0aa2d3ee750e6b92dc88c74c47855f45f2c9f26e31490ae735a7853afcce,2026-09-10 10:48:09.547024+00:00
OF,Turnover,HR,Staff Turnover Rate,ALL,%,0.02,0.02,2024-06,kpi_actual_wide.csv,False,OF-007,False,598c8562350e685ca39f81dbf533f752ce96c93a991fc372a029fa4e6a36ae72,2026-09-10 10:48:09.547024+00:00
OF,Turnover,HR,Staff Turnover Rate,ALL,%,0.02,0.01,2024-07,kpi_actual_wide.csv,False,OF-007,False,135bc9d2561fff0ab3e99ae1e857d8e35cc3d387a02c0abfee27045021f989d2,2026-09-10 10:48:09.547024+00:00
OF,Turnover,HR,Staff Turnover Rate,ALL,%,0.02,0.02,2024-08,kpi_actual_wide.csv,False,OF-007,False,f9dcc5dc645c8be1ec2f89e64a78379c3669cfc2eb838e362de99ff54fa0f550,2026-09-10 10:48:09.547024+00:00
OF,Turnover,HR,Staff Turnover Rate,ALL,%,0.02,,2024-09,kpi_actual_wide.csv,False,OF-007,False,b712e66b1bbb0996b799a9bc603c5c934520a6fc5d4340f1cfbe886604cc8d40,2026-09-10 10:48:09.547024+00:00
OF,Turnover,HR,Staff Turnover Rate,ALL,%,0.02,0.02,2024-10,kpi_actual_wide.csv,False,OF-007,False,a6a726c0b96f704576420f2a15d9b0b64d8e066b18b9bb1c022d56688f25595c,2026-09-10 10:48:09.547024+00:00
OF,Turnover,HR,Staff Turnover Rate,ALL,%,0.02,0.03,2024-11,kpi_actual_wide.csv,False,OF-007,False,ffc04fd356ac6a36e6dc2e7bee69f7599d7e7e101160c5e39c780ffd5d888565,2026-09-10 10:48:09.547024+00:00
OF,Turnover,HR,Staff Turnover Rate,ALL,%,0.02,,2024-12,kpi_actual_wide.csv,False,OF-007,False,3d09e1d59af3779c5f87525d843d7f3637c2866eff9d944cdbcfcaaca4ed2147,2026-09-10 10:48:09.547024+00:00
PP,Engagement,HR,Employee Engagement Score,ALL,Number,80.0,,2024-01,kpi_actual_wide.csv,False,PP-001,False,1d58eb405f24eaf15c0d00c2ca0eba01788f960be68412a078d8f669a1a026eb,2026-09-10 10:48:09.547024+00:00
PP,Engagement,HR,Employee Engagement Score,ALL,Number,80.0,78.0,2024-02,kpi_actual_wide.csv,False,PP-001,False,110847e388662801927904904ee88865008eae747ff4354cb7a9918fe0ac342d,2026-09-10 10:48:09.547024+00:00
PP,Engagement,HR,Employee Engagement Score,ALL,Number,80.0,,2024-03,kpi_actual_wide.csv,False,PP-001,False,80bc9060f3b247f914f3cc13f5940c6b6fd1e33ec9567b9dfe34e71fc7898ad2,2026-09-10 10:48:09.547024+00:00
PP,Engagement,HR,Employee Engagement Score,ALL,Number,80.0,79.0,2024-04,kpi_actual_wide.csv,False,PP-001,False,df61f7eecf41d985b8152afa24a9f1fe58af5a3b49397860d22556d114f8e9ed,2026-09-10 10:48:09.547024+00:00
PP,Engagement,HR,Employee Engagement Score,ALL,Number,80.0,,2024-05,kpi_actual_wide.csv,False,PP-001,False,ca26e42f0cae15452521d1e3105e3d3b02f4d5599f36ebee3c5159dd7fb420ad,2026-09-10 10:48:09.547024+00:00
PP,Engagement,HR,Employee Engagement Score,ALL,Number,80.0,80.0,2024-06,kpi_actual_wide.csv,False,PP-001,False,ade877c2a7eb28b31156a9c3199c8877beebc34388dd397e785d0ff50c7db752,2026-09-10 10:48:09.547024+00:00
PP,Engagement,HR,Employee Engagement Score,ALL,Number,80.0,,2024-07,kpi_actual_wide.csv,False,PP-001,False,3117220e612360e5b3e33762b45ad402514b5259474d632c3da5c57962d34caa,2026-09-10 10:48:09.547024+00:00
PP,Engagement,HR,Employee Engagement Score,ALL,Number,80.0,81.0,2024-08,kpi_actual_wide.csv,False,PP-001,False,32add1113412edee8846a468f5299d81b1c1fbd28913c99ac721b519bed9d3da,2026-09-10 10:48:09.547024+00:00
PP,Engagement,HR,Employee Engagement Score,ALL,Number,80.0,,2024-09,kpi_actual_wide.csv,False,PP-001,False,6c4b6a64b1843c8b66a801cc7d691c2a3f36b3baafec6d58b8c2e3ad2287d89a,2026-09-10 10:48:09.547024+00:00
PP,Engagement,HR,Employee Engagement Score,ALL,Number,80.0,79.0,2024-10,kpi_actual_wide.csv,False,PP-001,False,dfc0eea324d2d7bb8a807bfc2731a65bed8f9fcb21fa876ed0074d46ed08f300,2026-09-10 10:48:09.547024+00:00
PP,Engagement,HR,Employee Engagement Score,ALL,Number,80.0,,2024-11,kpi_actual_wide.csv,False,PP-001,False,e9401f2d9c45eec7e3cd50fb78465c63a1cc569877aaad007f13c40349f4f653,2026-09-10 10:48:09.547024+00:00
PP,Engagement,HR,Employee Engagement Score,ALL,Number,80.0,80.0,2024-12,kpi_actual_wide.csv,False,PP-001,False,b208e0b509f34880e8f0897c5c8f223b335e36df53bacc2ef561851bfd859b33,2026-09-10 10:48:09.547024+00:00
PP,Safety,HSE,Lost Time Injury Rate,ALL,Number,0.0,0.0,2024-01,kpi_actual_wide.csv,False,PP-002,False,4fabdf591c68f334bb4f5c981cd462879ad22b64391c8ec15e8c0ee46404bdb7,2026-09-10 10:48:09.547024+00:00
PP,Safety,HSE,Lost Time Injury Rate,ALL,Number,0.0,0.0,2024-02,kpi_actual_wide.csv,False,PP-002,False,076a08635d4548c7c27b41724baaac56c6a0e41e2ec7c7872403a7d5a92f3c95,2026-09-10 10:48:09.547024+00:00
PP,Safety,HSE,Lost Time Injury Rate,ALL,Number,0.0,1.0,2024-03,kpi_actual_wide.csv,False,PP-002,False,38f425a976562d86a725b2b5a999b54b6ede1dd0d4959bf54f86713dda722374,2026-09-10 10:48:09.547024+00:00
PP,Safety,HSE,Lost Time Injury Rate,ALL,Number,0.0,0.0,2024-04,kpi_actual_wide.csv,False,PP-002,False,ca299340cd176999fabcebc27f652b9008010f25d00075a83e0d4ca4448df276,2026-09-10 10:48:09.547024+00:00
PP,Safety,HSE,Lost Time Injury Rate,ALL,Number,0.0,0.0,2024-05,kpi_actual_wide.csv,False,PP-002,False,1fba451a93dae7c9fab6243609a27f9644770388b3a80b7111c1760881b5e07b,2026-09-10 10:48:09.547024+00:00
PP,Safety,HSE,Lost Time Injury Rate,ALL,Number,0.0,,2024-06,kpi_actual_wide.csv,False,PP-002,False,c4fccf6bb952772886506fc63875ac97a5f716cb0f14f1c976be53ec05af240e,2026-09-10 10:48:09.547024+00:00
PP,Safety,HSE,Lost Time Injury Rate,ALL,Number,0.0,0.0,2024-07,kpi_actual_wide.csv,False,PP-002,False,ad3597ba35822f77082a1cfc949df01976de7bd725fae92be79dbec099aa45d9,2026-09-10 10:48:09.547024+00:00
PP,Safety,HSE,Lost Time Injury Rate,ALL,Number,0.0,0.0,2024-08,kpi_actual_wide.csv,False,PP-002,False,315a34a1aa21fd0f0c7476af2f9860d14c1a2550c7755fbdddd7580a47dd3c89,2026-09-10 10:48:09.547024+00:00
PP,Safety,HSE,Lost Time Injury Rate,ALL,Number,0.0,0.0,2024-09,kpi_actual_wide.csv,False,PP-002,False,5cc1b4e9600edb6e78fbf0b083b934012b438bd6e2874bc2609f84229eabfbaf,2026-09-10 10:48:09.547024+00:00
PP,Safety,HSE,Lost Time Injury Rate,ALL,Number,0.0,1.0,2024-10,kpi_actual_wide.csv,False,PP-002,False,5cdc6b3df3f8d9a2affa3bbafe51f24016215aee35dd2ddbf929079133e3d687,2026-09-10 10:48:09.547024+00:00
PP,Safety,HSE,Lost Time Injury Rate,ALL,Number,0.0,0.0,2024-11,kpi_actual_wide.csv,False,PP-002,False,14961575d2b78e8db6d5c7e8c60d031c9bea7fb19503a47e3d9baae43eed894b,2026-09-10 10:48:09.547024+00:00
PP,Safety,HSE,Lost Time Injury Rate,ALL,Number,0.0,0.0,2024-12,kpi_actual_wide.csv,False,PP-002,False,14a64b6a8208ff68889de7be02f55dd6b1d8956d71bfb8fc4cba55e9510384d8,2026-09-10 10:48:09.547024+00:00
PP,Safety,HSE,Near Miss Reports,ALL,Number,10.0,8.0,2024-01,kpi_actual_wide.csv,False,PP-003,False,0f3a75e73b6a4ea1f4d756a2ab469df03fbf6b4836dbe8f7d5c88771c75b2b48,2026-09-10 10:48:09.547024+00:00
PP,Safety,HSE,Near Miss Reports,ALL,Number,10.0,12.0,2024-02,kpi_actual_wide.csv,False,PP-003,False,71c09f5f8146c1ce3ad7baf899ce8ecd87362fdc930b74d1945cad781b116e17,2026-09-10 10:48:09.547024+00:00
PP,Safety,HSE,Near Miss Reports,ALL,Number,10.0,9.0,2024-03,kpi_actual_wide.csv,False,PP-003,False,63b07db23b10c40954ee949745f511ce4e721cee4991cf81da4072253bd30394,2026-09-10 10:48:09.547024+00:00
PP,Safety,HSE,Near Miss Reports,ALL,Number,10.0,,2024-04,kpi_actual_wide.csv,False,PP-003,False,d6fd53dd2a5a72a1e816bcd143017b62f139b296f217d435317481d06e62a6f2,2026-09-10 10:48:09.547024+00:00
PP,Safety,HSE,Near Miss Reports,ALL,Number,10.0,11.0,2024-05,kpi_actual_wide.csv,False,PP-003,False,3666fe3745f64a942c196e321d748991f1c35b5b2b6edbaba9112bc1e7d50b1a,2026-09-10 10:48:09.547024+00:00
PP,Safety,HSE,Near Miss Reports,ALL,Number,10.0,10.0,2024-06,kpi_actual_wide.csv,False,PP-003,False,60b24a96dc37a0065fa587e6883d8fd3b4be29722b7080bfa6a19aa85c07241c,2026-09-10 10:48:09.547024+00:00
PP,Safety,HSE,Near Miss Reports,ALL,Number,10.0,,2024-07,kpi_actual_wide.csv,False,PP-003,False,1793676d71837d2acf8d8152a64f30096ab82cd7ee07656f08b5f492b17d708d,2026-09-10 10:48:09.547024+00:00
PP,Safety,HSE,Near Miss Reports,ALL,Number,10.0,12.0,2024-08,kpi_actual_wide.csv,False,PP-003,False,dd3353167a2e942c0d26bc18b82d7baa82a55e1cfbfee8f2baccab76a7d3ac5a,2026-09-10 10:48:09.547024+00:00
PP,Safety,HSE,Near Miss Reports,ALL,Number,10.0,8.0,2024-09,kpi_actual_wide.csv,False,PP-003,False,6c0616b7694f2d38e4087bf19de9488419a754377a8c9c3d1a312d09816835a1,2026-09-10 10:48:09.547024+00:00
PP,Safety,HSE,Near Miss Reports,ALL,Number,10.0,10.0,2024-10,kpi_actual_wide.csv,False,PP-003,False,cae5b6bcf4373015366102e1138b4b72f7a9b0fbaffd7e9ec9dfff17ba4d5b18,2026-09-10 10:48:09.547024+00:00
PP,Safety,HSE,Near Miss Reports,ALL,Number,10.0,11.0,2024-11,kpi_actual_wide.csv,False,PP-003,False,b4a0ef99d7e6e833c974e2e1191327e2c5e4fb013407ebb04576f686383d56aa,2026-09-10 10:48:09.547024+00:00
PP,Safety,HSE,Near Miss Reports,ALL,Number,10.0,,2024-12,kpi_actual_wide.csv,False,PP-003,False,6e77af5f4a345338a68f7f910fe988abdd38a2bb5e1e619498833bcda42a2616,2026-09-10 10:48:09.547024+00:00
PP,Wellness,HR,Sick Days per Employee,ALL,Number,3.0,3.2,2024-01,kpi_actual_wide.csv,False,PP-004,False,1945dde2dea17d2abbc87210cf2ce27297b0047f167dbdc6af7b609bed109c63,2026-09-10 10:48:09.547024+00:00
PP,Wellness,HR,Sick Days per Employee,ALL,Number,3.0,2.8,2024-02,kpi_actual_wide.csv,False,PP-004,False,d8e3d2c05a2ba43d8c7cf68e10970cfeb47f18fdad9bc2a60aa063e8bbbb0775,2026-09-10 10:48:09.547024+00:00
PP,Wellness,HR,Sick Days per Employee,ALL,Number,3.0,3.1,2024-03,kpi_actual_wide.csv,False,PP-004,False,b2db1480cab7dad606688f78b7dd98dd9b0174b11999950928c1b9f229ef34ec,2026-09-10 10:48:09.547024+00:00
PP,Wellness,HR,Sick Days per Employee,ALL,Number,3.0,,2024-04,kpi_actual_wide.csv,False,PP-004,False,aa81dd26e63543bbd7c18658f5b5b96bf4cfcefcd2e0488b2a95f73a560d08d2,2026-09-10 10:48:09.547024+00:00
PP,Wellness,HR,Sick Days per Employee,ALL,Number,3.0,3.4,2024-05,kpi_actual_wide.csv,False,PP-004,False,b098ecb4fbb06646a0687ca74118d006dfa0efddd4dbb8cdd1baa38b27a9a2b6,2026-09-10 10:48:09.547024+00:00
PP,Wellness,HR,Sick Days per Employee,ALL,Number,3.0,2.9,2024-06,kpi_actual_wide.csv,False,PP-004,False,b7b63be293a8029912982c690a97adc4ed68b8ddd174f9f4f4712b76b0726f06,2026-09-10 10:48:09.547024+00:00
PP,Wellness,HR,Sick Days per Employee,ALL,Number,3.0,3.0,2024-07,kpi_actual_wide.csv,False,PP-004,False,33bafa622303227188d2212953ab5cb82932e0bb8fbbf4cd110d2bb29e4f039e,2026-09-10 10:48:09.547024+00:00
PP,Wellness,HR,Sick Days per Employee,ALL,Number,3.0,,2024-08,kpi_actual_wide.csv,False,PP-004,False,8d3460fea0c27da722fd210843751bc839d530810c9ab035d2146d64984685fb,2026-09-10 10:48:09.547024+00:00
PP,Wellness,HR,Sick Days per Employee,ALL,Number,3.0,3.3,2024-09,kpi_actual_wide.csv,False,PP-004,False,ec4d6bfe60bdd1ed05f00062d83f12f97e3217d8a4270fc85335fa025e57b897,2026-09-10 10:48:09.547024+00:00
PP,Wellness,HR,Sick Days per Employee,ALL,Number,3.0,2.8,2024-10,kpi_actual_wide.csv,False,PP-004,False,3f53aa925a88f2ce4cf23abb0f5995cbf8877741d7efbace805b38ab28749637,2026-09-10 10:48:09.547024+00:00
PP,Wellness,HR,Sick Days per Employee,ALL,Number,3.0,3.1,2024-11,kpi_actual_wide.csv,False,PP-004,False,917596c7168e59801328ece6eca3d649f031d7cbce76dd5911a0a74a8a37db56,2026-09-10 10:48:09.547024+00:00
PP,Wellness,HR,Sick Days per Employee,ALL,Number,3.0,,2024-12,kpi_actual_wide.csv,False,PP-004,False,3e81f26da539428b0685cf9135042a3b76b5f720e790648aa9b974ddc061f52b,2026-09-10 10:48:09.547024+00:00
